position,bucket,lo,hi,n,center,p_zero,q0.01,q0.025,q0.05,q0.1,q0.15,q0.2,q0.25,q0.3,q0.35,q0.4,q0.45,q0.5,q0.55,q0.6,q0.65,q0.7,q0.75,q0.8,q0.85,q0.9,q0.95,q0.975,q0.99
QB,3.79,-inf,3.984174447425142,45,3.7867426666666666,0.028169014084507043,-0.1008261810815662,-0.041933122340636994,-0.019905545031480246,0.0,0.0,0.0,0.0,0.0,0.09436931675432114,0.2546190445002976,0.44753495151624423,0.8074312174722447,1.1661477139374288,1.5878689548289473,1.8490536995638764,2.2129650092372586,2.570623978826255,2.8877785930999487,3.2229330792553803,3.9898363955158707,4.879353897531281,5.635629270098882,5.829787406908234
QB,4.19,3.984174447425142,4.410455568385314,20,4.191899852938366,0.028169014084507043,-0.1008261810815662,-0.041933122340636994,-0.019905545031480246,0.0,0.0,0.0,0.0,0.0,0.14599033927512395,0.30177938029722495,0.4862456582264869,0.8239202584013451,1.1593489722430115,1.5521099209006097,1.7989271775148739,2.1408444775160307,2.4744873617877263,2.7748175347598467,3.096056321047,3.809952161202059,4.644965860345791,5.36074745278553,5.559715592109944
QB,4.64,4.410455568385314,4.882346036146175,29,4.640406260437211,0.028169014084507043,-0.1008261810815662,-0.041933122340636994,-0.019905545031480246,0.0,0.0,0.0,0.0,0.045218140416624975,0.19761136179592675,0.3489397160941523,0.5249563649367297,0.8404092993304455,1.152550230548594,1.5163508869722722,1.748800655465871,2.0687239457948023,2.3783507447491976,2.6618564764197448,2.9691795628386193,3.6300679268882465,4.410577823160301,5.085865635472178,5.289643777311653
QB,5.14,4.882346036146175,5.404725758386725,34,5.13689997789684,0.028169014084507043,-0.1008261810815662,-0.041933122340636994,-0.019905545031480246,0.0,0.0,0.0,0.014651953311019872,0.10107530927314679,0.24923238431672945,0.39610005189107966,0.5636670716469724,0.8568983402595459,1.1457514888541764,1.4805918530439346,1.6986741334168682,1.9966034140735744,2.2822141277106684,2.548895418079643,2.842302804630239,3.4501836925744347,4.17618978597481,4.810983818158827,5.019571962513364
QB,5.69,5.404725758386725,5.982996761619621,31,5.686515339807845,0.028169014084507043,-0.1008261810815662,-0.041933122340636994,-0.019905545031480246,0.0,0.0,0.0,0.06416052326108812,0.1569324781296687,0.30085340683753226,0.443260387688007,0.6023777783572152,0.8733873811886463,1.1389527471597591,1.444832819115597,1.6485476113678654,1.9244828823523463,2.1860775106721397,2.435934359739541,2.7154260464218583,3.2702994582606224,3.9418017487893184,4.536102000845475,4.749500147715073
QB,6.29,5.982996761619621,6.623139054558767,66,6.294936021532033,0.028169014084507043,-0.1008261810815662,-0.041933122340636994,-0.019905545031480246,0.0,0.0,0.031794816108075885,0.11366909321115626,0.21278964698619063,0.35247442935833506,0.4904207234849344,0.6410884850674577,0.8898764221177468,1.1321540054653416,1.4090737851872595,1.5984210893188626,1.8523623506311184,2.089940893633611,2.322973301399439,2.5885492882134775,3.0904152239468106,3.707413711603828,4.2612201835321235,4.479428332916783
QB,6.97,6.623139054558767,7.33177246850906,79,6.968453815253503,0.028169014084507043,-0.1008261810815662,-0.041933122340636994,-0.019905545031480246,0.0,0.005988247914558986,0.07157109672286288,0.16317766316122428,0.2686468158427123,0.40409545187913776,0.5375810592818616,0.6797991917777004,0.9063654630468472,1.1253552637709243,1.3733147512589219,1.54829456726986,1.7802418189098905,1.9938042765950823,2.2100122430593374,2.4616725300050972,2.9105309896329987,3.473025674418338,3.9863383662187726,4.2093565181184935
QB,7.71,7.33177246850906,8.11622511428134,80,7.714033694579621,0.028169014084507043,-0.1008261810815662,-0.041933122340636994,-0.019905545031480246,0.0,0.034638274701191074,0.11134737733764977,0.21268623311129242,0.324503984699234,0.45571647439994045,0.584741395078789,0.7185098984879431,0.9228545039759476,1.1185565220765068,1.3375557173305843,1.4981680452208574,1.7081212871886626,1.8976676595565536,2.0970511847192355,2.334795771796717,2.730646755319187,3.2386376372328476,3.7114565489054208,3.9392847033202036
QB,8.54,8.11622511428134,8.984609163558329,120,8.539385840637157,0.028169014084507043,-0.1008261810815662,-0.041933122340636994,-0.019905545031480246,0.004783703135143091,0.06328830148782316,0.15112365795243665,0.26219480306136056,0.38036115355575595,0.5073374969207431,0.6319017308757163,0.7572206051981858,0.939343544905048,1.1117577803820895,1.3017966834022467,1.4480415231718546,1.6360007554674347,1.8015310425180249,1.984090126379134,2.207919013588336,2.550762521005375,3.0042496000473564,3.43657473159207,3.6692128885219146
QB,9.45,8.984609163558329,9.945904738380827,147,9.453045374498876,0.028169014084507043,-0.08716503326019664,-0.041933122340636994,-0.019905545031480246,0.0171873110752771,0.09193832827445536,0.19089993856722376,0.3117033730114289,0.43621832241227787,0.5589585194415461,0.6790620666726438,0.7959313119084286,0.9558325858341485,1.104959038687672,1.2660376494739092,1.3979150011228518,1.5638802237462064,1.7053944254794957,1.8711290680390316,2.0810422553799555,2.3708782866915623,2.7698615628618652,3.161692914278717,3.399141073723623
QB,10.46,9.945904738380827,11.01005277627111,198,10.464460620468584,0.027711089393764,-0.06752188796182884,-0.03410776045664088,-0.014067957000192977,0.029590919015411055,0.12058835506108734,0.23067621918201042,0.36121194296149683,0.49207549126879957,0.6105795419623485,0.7262224024695708,0.8346420186186712,0.9723216267632488,1.0981602969932547,1.2302786155455718,1.3477884790738492,1.491759692024979,1.6092578084409674,1.7581680096989305,1.9541654971715756,2.190994052377751,2.535473525676376,2.886811096965367,3.129069258925335
QB,11.58,11.01005277627111,12.18805783132905,262,11.584090812971786,0.022845601982866375,-0.04787874266346087,-0.019059275678307563,-0.004578606138364333,0.041994526955545064,0.14923838184771954,0.27045249979679753,0.4107205129115652,0.5479326601253215,0.6622005644831515,0.7733827382664985,0.873352725328914,0.9888106676923493,1.0913615552988372,1.194519581617234,1.2976619570248464,1.4196391603037506,1.5131211914024383,1.645206951358828,1.8272887389631944,2.0111098180639386,2.3010854884908847,2.6119292796520144,2.858997444127044
QB,12.82,12.18805783132905,13.492101874386469,403,12.823514257457093,0.017459538614539166,-0.028235597365092957,-0.004010790899974304,0.004910744723464283,0.05439813489567902,0.17788840863435162,0.3102287804115844,0.4602290828616331,0.6037898289818432,0.7138215870039544,0.8205430740634257,0.9120634320391566,1.0052997086214497,1.0845628136044199,1.1587605476888967,1.2475354349758436,1.3475186285825227,1.4169845743639096,1.5322458930187262,1.7004119807548141,1.8312255837501263,2.0666974513053935,2.3370474623386635,2.588925629328754
QB,14.20,13.492101874386469,14.935670269048325,621,14.195548063820754,0.011497200999059716,-0.016711319054630747,0.024451577978910122,0.1100205638854175,0.21911397664155247,0.3398826374829519,0.46059334053319956,0.5767585065677502,0.6877473877337366,0.7718690695107246,0.8632244773250312,0.9355399824929571,1.0067142387874135,1.07398263519153,1.1397323882068175,1.212945706286205,1.3012552737359215,1.3923871832581076,1.5003101452526164,1.6388251890585552,1.775172521543265,1.9867959226007619,2.207653217923726,2.474488514299982
QB,15.71,14.935670269048325,16.533691226362606,877,15.71438069053977,0.004896931486820022,-0.006522657891731454,0.05512063575253906,0.23086069828838943,0.40888637265264816,0.5238130309549388,0.6291505379586211,0.7043133851377344,0.7763276805017646,0.8309737549705882,0.9051690611380776,0.9565103950392062,1.0056488939786596,1.062780380849679,1.123456588485951,1.1809119016756062,1.2592456268109757,1.37955855459434,1.4817036950782083,1.587979107730788,1.7394906560951693,1.9323086333585504,2.102192817653532,2.3856545251849184
QB,17.40,16.533691226362606,18.302690180245794,1033,17.39571867017752,0.002657305988371294,0.00674773000853468,0.11831859798186678,0.29016693061679133,0.441985228146861,0.5389615067259463,0.6160473105193691,0.6818422487973621,0.733810040605539,0.7941049947692715,0.8556458173304153,0.9149268997385723,0.9754278042750204,1.0328373151405992,1.087238822151484,1.1480672753190762,1.2220974676225316,1.3159220520244737,1.4001717568174255,1.5043244155501103,1.636428358066401,1.8405758377175445,2.001586655127527,2.21825794397661
QB,19.26,18.302690180245794,20.26096068008904,1010,19.256949033577772,0.0018432744739519116,0.03839885510684935,0.17011172134376704,0.3112533282309414,0.43932939456582787,0.525545837502967,0.586948226746664,0.6502275709756652,0.7019495205950642,0.7640716670484436,0.8203360277715561,0.8809476947304695,0.9451629010510609,0.9964480875949774,1.0504466097371925,1.113842194436656,1.1813558182273993,1.2437351366159068,1.3289456044465482,1.433553639721048,1.5590345224433897,1.7735674241710986,1.930703039844882,2.091608867630265
QB,21.32,20.26096068008904,22.42875356777749,834,21.31731911240591,0.0010661295396844832,0.07937019921513369,0.20258439587573163,0.3102928279805806,0.43443479082701814,0.5191794521565063,0.58004162362965,0.6398664585640814,0.7011127581230244,0.7566942719073918,0.8119466979326276,0.8638705999911398,0.9211005350872893,0.9644066755200956,1.0207925700095313,1.079614926551808,1.1364938552648287,1.1808672095329529,1.277057033211946,1.3764616603377442,1.5025334635440248,1.7105491816915017,1.8574784247952176,1.9885487745232375
QB,23.60,22.42875356777749,24.828486395437835,499,23.598135579409472,0.00025585957081612114,0.09584738956994779,0.2162649272953269,0.31215408533260797,0.4433384226451834,0.5318909079836517,0.6023861544464063,0.6514250781405391,0.7051126037203197,0.7560831272234901,0.8048829961322181,0.8489228091897352,0.9038212721472073,0.9612276038045364,1.00992653887482,1.0497792506252628,1.0903941071205003,1.1538880649357772,1.22763538079152,1.3089120847746878,1.3970595870114293,1.5508918618386436,1.6712075392885846,1.786398475420962
QB,26.12,24.828486395437835,27.48497524954203,220,26.122984784710187,0.0,0.144719795664139,0.23302601950421398,0.30699429595109645,0.42250286983301605,0.5055352264590571,0.5712794544727986,0.6266738746431909,0.6839687817365397,0.7246584167874874,0.7675188408499021,0.813386873082049,0.866947408023093,0.914653492584929,0.9514201563523225,0.9840598358195296,1.0351195470937962,1.0929650494665173,1.1595517631246959,1.2238466643978532,1.2885848216817437,1.413610217308036,1.5282779276716205,1.6183832607239814
QB,28.92,27.48497524954203,inf,81,28.91797666666668,0.0,0.21420527369913725,0.2517472721787254,0.297367015364015,0.3827442773603697,0.4543211300613692,0.5061617426735397,0.5788187350214545,0.6468260470468183,0.6736270381103846,0.7108745106032806,0.764750702552701,0.817605501484712,0.840467122864946,0.8626002238802842,0.8955076022120142,0.9740070553522276,1.0104435529788023,1.0795935391803406,1.1276359140391141,1.1782005911656417,1.2905662123366866,1.412926363500973,1.4720881961940095
RB,3.25,-inf,3.423137992905581,108,3.2487291666666667,0.09018567639257294,-0.028486616810991752,0.0,0.0,0.0,0.002853899299069873,0.048281453862788926,0.14762868969129744,0.2675307051027048,0.3655157265271225,0.4478190120400496,0.5697571518592587,0.7019127687453985,0.8141539757929828,0.9768497220256419,1.1758793194721995,1.3995803799463407,1.9388183344927596,2.3645643734636206,2.933614555336443,3.745968180757351,4.710532914368084,5.868666162518472,6.873973673939062
RB,3.61,3.423137992905581,3.8005478525585725,177,3.6069099999790635,0.09018567639257294,-0.028486616810991752,0.0,0.0,0.0,0.02609575341217779,0.07899972163039476,0.17357870960126282,0.2852019116716505,0.37983617209530113,0.46203546436081133,0.5800394595291917,0.7055968102126942,0.821619940378639,0.9776803435400384,1.1665301871938167,1.3782480367428154,1.8571382614572234,2.245977888739379,2.7619413411145564,3.500554768112898,4.419856828321041,5.512187933615117,6.509654282953602
RB,4.00,3.8005478525585725,4.219568130038275,260,4.004581200992378,0.09018567639257294,-0.028486616810991752,0.0,0.0,0.008970961548112319,0.04933760752528582,0.10971798939800065,0.19952872951122824,0.30287311824059615,0.39415661766347987,0.47625191668157313,0.5903217671991248,0.7092808516799898,0.8290859049642951,0.9785109650544348,1.157181054915434,1.3569156935392899,1.7754581884216867,2.1273914040151363,2.5902681268926693,3.2551413554684445,4.129180742273998,5.155709704711762,6.145334891968141
RB,4.45,4.219568130038275,4.684786482045829,399,4.4460966853718675,0.09018567639257294,-0.028486616810991752,0.0,0.0,0.01890014732735991,0.07257946163839374,0.14043625716560648,0.2254787494211936,0.3205443248095418,0.4084770632316585,0.49046836900233487,0.6006040748690578,0.7129648931472853,0.8365518695499514,0.9793415865688313,1.1478319226370512,1.3355833503357646,1.6937781153861504,2.0088049192908937,2.4185949126707826,3.009727942823992,3.838504656226955,4.799231475808408,5.781015500982681
RB,4.94,4.684786482045829,5.201296366355923,478,4.936290399299692,0.0879209626479092,-0.028486616810991752,0.0,0.0,0.0288293331066075,0.09582131575150166,0.17115452493321226,0.251428769331159,0.3382155313784875,0.42279750879983713,0.5046848213230966,0.6108863825389909,0.7166489346145809,0.8440178341356076,0.9801722080832277,1.1384827903586685,1.314251007132239,1.612098042350614,1.8902184345666515,2.2469216984488956,2.764314530179539,3.547828570179912,4.442753246905053,5.416696109997221
RB,5.48,5.201296366355923,5.77475280769961,577,5.480529244086893,0.07785562937294839,-0.01730328683906876,0.0,0.0,0.03875851888585512,0.11906316986460969,0.20187279270081826,0.2773787892411244,0.3558867379474332,0.4371179543680159,0.5189012736438584,0.621168690208924,0.7203329760818765,0.8514837987212638,0.9810028295976241,1.1291336580802858,1.2929186639287136,1.5304179693150772,1.7716319498424087,2.075248484227008,2.5189011175350853,3.2571524841328676,4.086275018001697,5.052376719011759
RB,6.08,5.77475280769961,6.411434311980626,712,6.0847718358613685,0.06668056694697577,-0.0023674014775625363,0.0,0.0,0.04868770466510268,0.1423050239777176,0.2325910604684241,0.3033288091510898,0.37355794451637886,0.45143839993619456,0.5331177259646201,0.631450997878857,0.7240170175491721,0.8589497633069201,0.9818334511120206,1.119784525801903,1.2715863207251883,1.448737896279541,1.6530454651181663,1.9035752700051214,2.2734877048906323,2.966476398085825,3.7297967890983426,4.688057328026299
RB,6.76,6.411434311980626,7.118311606694969,719,6.755633743664177,0.05427342484716567,0.0,0.0,0.011714237632982733,0.07615870955035905,0.1681996919394268,0.25457669757649176,0.3304493599723537,0.40426939539108164,0.4836143800528932,0.567197228151161,0.6607282437431692,0.7509403747987224,0.8744303668415893,0.9973495146079056,1.1305536082303147,1.2767571683271082,1.4407007863585237,1.6358094085119483,1.8720773859536837,2.2138924141844507,2.8518663605752756,3.5527442252979977,4.376633817514169
RB,7.50,7.118311606694969,7.903123960160356,764,7.500459920215464,0.04049836308759056,0.0,0.0,0.025634970793741135,0.10693389406890866,0.1945940443088074,0.27491745508593024,0.35779039216866093,0.4374371086059592,0.5191536312898928,0.6050181373391634,0.6935833789665179,0.7822410929955815,0.8914206089504277,1.0156317301207454,1.1451121605472647,1.286920160856953,1.4465350758281776,1.6376637334898394,1.8669829477615578,2.1892978523248505,2.77042014992744,3.409488306232201,4.075173782847325
RB,8.33,7.903123960160356,8.77446391513908,782,8.327405118360588,0.029999534546557433,0.0,5.551115123125783e-17,0.03955570395449954,0.13770907858745823,0.22098839667818798,0.29525821259536866,0.38513142436496806,0.47060482182083685,0.5546928825268923,0.6428390465271658,0.7264385141898665,0.8135418111924406,0.908410851059266,1.0339139456335853,1.159670712864215,1.2970831533867977,1.4523693652978313,1.6395180584677305,1.8618885095694324,2.164703290465252,2.688973939279604,3.2662323871664025,3.773713748180481
RB,9.25,8.77446391513908,9.741871364562993,876,9.245523173638402,0.02355939086376431,5.551115123125783e-17,0.008379057708106414,0.059727720180212496,0.1627720300829106,0.24722105459042037,0.32364014587445566,0.4119363116808499,0.49631881439598696,0.5774620334907905,0.6623119853905525,0.7447199646595848,0.8272463841000195,0.9112484091355604,1.0326646553734211,1.1549133048711693,1.2827235671325858,1.4293655352673802,1.604416522467731,1.8241343638602214,2.1118031734641383,2.5883624383246824,3.099633593946291,3.507447345850432
RB,10.26,9.741871364562993,10.815937999351627,880,10.26486613048472,0.016409204603515838,0.0,0.02262710822181446,0.08427835946976991,0.1838339285143601,0.273340455900447,0.357654407320347,0.4383656638762452,0.5168119534654737,0.5912865478093133,0.6689333471931465,0.7527934831696732,0.82862598519016,0.9041729192701283,1.0177347973385031,1.1366263048831944,1.251187486399861,1.386162451123969,1.5434297748174735,1.763504186605675,2.039076829544525,2.474326880053537,2.9166846137187346,3.265831826970892
RB,11.40,10.815937999351627,12.008423271873722,992,11.396594297357321,0.008470691726412908,0.0,0.0368751587355225,0.1088289987593273,0.2048958269458096,0.29945985721047363,0.39166866876623835,0.46479501607164064,0.5373050925349605,0.6051110621278363,0.6755547089957403,0.7608670016797616,0.8300055862803003,0.8970974294046962,1.002804939303585,1.1183393048952193,1.2196514056671368,1.342959366980558,1.482443027167216,1.7028740093511283,1.9663504856249139,2.3602913217823946,2.733735633491177,3.0242163080913507
RB,12.65,12.008423271873722,13.332383144681742,1004,12.653098435724477,0.003981350665190822,0.021823916599570357,0.06916626859820457,0.1414681828484623,0.2392820318342496,0.3354522734162222,0.42172978329434085,0.49354539628584765,0.5599515099770267,0.6262010725028341,0.6933337980849956,0.768976413830254,0.8334714164044471,0.9051132121341632,1.0018448443783559,1.1026148702862548,1.2002703034598912,1.3185863212488105,1.4500641024022098,1.64195277820893,1.873743116675428,2.2199530952187465,2.5341239683114076,2.837234311198511
RB,14.05,13.332383144681742,14.802313034128952,950,14.048135420707036,0.0024286546627278016,0.04754963257421138,0.10468321546273701,0.1755534812910973,0.27605042923015916,0.37320984131573004,0.4510841325586095,0.5227107426053367,0.5829829023235816,0.6485900480678516,0.7131077267877403,0.7770922432424259,0.8373102339849932,0.9158270952578078,1.0033823402371906,1.087348585155125,1.183062334906191,1.2975798129473162,1.422799840944613,1.5809795108581175,1.7775813091501038,2.0749123335148925,2.3315332570270164,2.6600199946838945
RB,15.60,14.802313034128952,16.434306513891766,868,15.596978858658828,0.0007047698908994073,0.06546724182053508,0.13265036720078344,0.20334731082157365,0.3035645393041004,0.39658935839815956,0.4687675892829609,0.5396770096170429,0.597372659580957,0.663726841772742,0.726664539377872,0.7848722747767474,0.841799778895302,0.921462974753022,0.9985229748235878,1.0723086424852506,1.1667261058871812,1.2751572729505543,1.3957807975953773,1.532308007874426,1.7047009306533734,1.9709311726291596,2.1885959428027535,2.5202474593440978
RB,17.32,16.434306513891766,18.24623151596784,660,17.316586310726706,0.00036536089950111553,0.06890560243433232,0.146617279884133,0.21947432459086377,0.31391762280476687,0.3933064104458105,0.4648086990557641,0.5340214672028212,0.5957374843673129,0.6654152864815488,0.7286924150433407,0.7920296072198741,0.8474960238581911,0.9176822722711656,0.9818013554662103,1.057688426246719,1.1520064189960857,1.2501088627267654,1.3692164834248886,1.506448732116618,1.674993322605972,1.9430903860600017,2.156279089832672,2.449906461986323
RB,19.23,18.24623151596784,20.257925958292166,468,19.2257849532427,0.00018605606561482947,0.07234396304812953,0.1605841925674825,0.23560133836015373,0.3242707063054333,0.3900234624934614,0.4608498088285673,0.5283659247885993,0.5941023091536689,0.6671037311903556,0.7307202907088093,0.7991869396630013,0.8531922688210802,0.9139015697893093,0.9650797361088326,1.0430682100081874,1.1372867321049902,1.2250604525029767,1.3426521692544011,1.480589456358809,1.6452857145585718,1.9152495994908478,2.123962236862593,2.379565464628552
RB,21.35,20.257925958292166,22.491414940806177,306,21.345477707656897,0.0,0.09521230332242274,0.18832136137896588,0.2541308784079965,0.3452646774465187,0.4057969160583547,0.4718947587907136,0.5379817801182907,0.6043358038489072,0.6736558226399392,0.7360550036545784,0.8022624690024733,0.8568762672950314,0.9123404278682944,0.9605813814930314,1.0325374883544927,1.1131958996667004,1.198358875292853,1.3033392243410689,1.4278543351389592,1.5757700543005932,1.8206148506880022,2.019732647420385,2.293401620217473
RB,23.70,22.491414940806177,24.97115188795793,178,23.69887209683105,0.0,0.13580238705971337,0.22861813914458065,0.27485172051150675,0.375964015462768,0.43895137901787246,0.4966244480805051,0.5615264093256644,0.6253945040794787,0.6846439609274889,0.7444058248505541,0.8016150573644772,0.8587249310602298,0.9128037081827689,0.9672316521365218,1.0257367229432703,1.080557809833208,1.1701494734866542,1.2523984770585692,1.3506062269293304,1.4699461682305284,1.6650585011287145,1.849912713070495,2.1928060346912392
RB,26.31,24.97115188795793,inf,122,26.31173433333333,0.0,0.17639247079700368,0.26891491691019526,0.2955725626150169,0.40666335347901705,0.47210584197739014,0.5213541373702966,0.5850710385330383,0.64645320431005,0.6956320992150385,0.7527566460465294,0.800967645726481,0.8605735948254281,0.9132669884972434,0.9738819227800116,1.0189359575320482,1.0479197199997161,1.1419400716804557,1.2014577297760702,1.2733581187197005,1.3641222821604684,1.509502151569429,1.680092778720605,2.0922104491650044
WR,3.90,-inf,4.0675276953454835,202,3.8966125955596853,0.2237242311591754,0.0,0.0,0.0,0.0,0.0,0.0,0.032959484633941605,0.17425843802951912,0.2615746983542967,0.32963096497534794,0.4171765992919658,0.5040666964634116,0.6218140113020031,0.7473924861310862,0.877011810220496,1.0437015394896987,1.3085300764020666,1.6042442372236605,1.8995866280229623,2.449840867853805,3.263433951341919,3.93208837988512,4.762328896766892
WR,4.25,4.0675276953454835,4.432177002896198,380,4.245939555617063,0.2237242311591754,0.0,0.0,0.0,0.0,0.0,0.011028847023331623,0.08119448870041557,0.20917877654539052,0.29381328153084774,0.36326509702193555,0.451456098457539,0.5415364715436815,0.657635895163415,0.7818507087767724,0.9161563681646685,1.0851256414605683,1.334399033076017,1.6145658150734774,1.9106217038186852,2.426949652068336,3.2025608551608467,3.839216821614281,4.655824463164924
WR,4.63,4.432177002896198,4.829516712936211,610,4.62658328685205,0.2237242311591754,0.0,0.0,0.0,0.0,0.0,0.05532733578573956,0.12942949276688964,0.24409911506126192,0.3260518647073989,0.3968992290685234,0.48573559762311225,0.5790062466239514,0.6934577790248271,0.8163089314224586,0.9553009261088412,1.1265497434314378,1.3602679897499674,1.624887392923294,1.9216567796144082,2.404058436282867,3.1416877589797743,3.7463452633434415,4.549320029562956
WR,5.04,4.829516712936211,5.262477483477986,720,5.041351302766693,0.22106833097274609,0.0,0.0,0.0,0.0,0.0,0.09962582454814739,0.17766449683336372,0.2790194535771334,0.35829044788395004,0.4305333611151111,0.5200150967886854,0.6164760217042212,0.7292796628862391,0.850767154068145,0.9944454840530138,1.1679738454023072,1.3861369464239177,1.635208970773111,1.9326918554101313,2.381167220497398,3.0808146627987014,3.653473705072602,4.4428155959609885
WR,5.49,5.262477483477986,5.73425270274628,673,5.493302807307738,0.20039887083503222,0.0,0.0,0.0,0.0,0.0,0.143924313310555,0.22589950089983757,0.3139397920930047,0.3905290310605011,0.4641674931616987,0.5542945959542585,0.6539457967844909,0.765101546747651,0.8852253767138311,1.0335900419971864,1.2093979473731769,1.412005903097868,1.645530548622928,1.9437269312058543,2.3582760047119296,3.0199415666176295,3.560602146801763,4.3363111623590225
WR,5.99,5.73425270274628,6.248322042647761,784,5.985771258633434,0.17787641671886556,0.0,0.0,0.0,0.0,0.0,0.18822280207296294,0.27413450496631164,0.3488601306088762,0.4227676142370522,0.49780162520828664,0.5885740951198318,0.6914155718647609,0.8009234306090631,0.9196835993595174,1.072734599941359,1.2508220493440463,1.4378748597718185,1.6558521264727448,1.9547620070015772,2.3353847889264605,2.9590684704365566,3.467730588530924,4.229806728757054
WR,6.52,6.248322042647761,6.808477123782825,1059,6.522388955696774,0.15333484978701967,0.0,0.0,0.0,0.00360501437179755,0.005765908704512855,0.23126951957155795,0.32052080453660414,0.38337741555928095,0.4550516472861346,0.5314722927298787,0.6225787829953422,0.7280477330602252,0.8355876433313556,0.9527369692116241,1.1091677426584732,1.2886175753720552,1.4601875214621465,1.6631571389960573,1.9605278283921332,2.308424072240495,2.894994237468937,3.3771425880194728,4.120923340982811
WR,7.11,6.808477123782825,7.418849481297016,1326,7.107113828988446,0.12659315883434713,0.0,0.0,0.0,0.05923659911177169,0.09474381714433946,0.2562510203955414,0.34022711211768397,0.41207794292615363,0.4879916003254312,0.5656702301220515,0.6526174703377414,0.7525916823306245,0.8535446663531614,0.9655158920895731,1.1064704907198932,1.2740464969547758,1.4311767175200296,1.626927915024407,1.8902492275349236,2.2227334440680746,2.784722083742296,3.319510261523647,3.977707544546118
WR,7.74,7.418849481297016,8.08394103783973,1267,7.7442586330398955,0.09745410520365622,0.0,0.0,0.0,0.11486818385174583,0.18372172558416605,0.2812325212195249,0.3599334196987638,0.44077847029302636,0.5209315533647279,0.5998681675142242,0.6826561576801407,0.7771356316010236,0.8715016893749672,0.978294814967522,1.103773238781313,1.2594754185374963,1.402165913577913,1.5906986910527565,1.8199706266777138,2.1370428158956547,2.674449930015655,3.2618779350278206,3.834491748109425
WR,8.44,8.08394103783973,8.808657308389595,1230,8.43852275600164,0.08216740298431909,0.0,0.0,0.0016200277113711098,0.16854802240153044,0.2690116926806648,0.30610866907644896,0.37998996818537334,0.4693001470520835,0.5534351636487799,0.633696454942716,0.7125351706067041,0.8017515210942812,0.8900119682163878,0.9917715522699302,1.1022195738579652,1.246111729162371,1.375264125351701,1.5570135257180835,1.75403047753185,2.055951085027186,2.5675338161829737,3.2001347511356006,3.6916017539079085
WR,9.20,8.808657308389595,9.598343581855271,1182,9.195026880914694,0.07060164454704593,0.0,0.0,0.037973573463208336,0.18038227335332385,0.2752319153020911,0.3287260412616386,0.4075557084749024,0.4939872531000959,0.576583551886488,0.6595994188770159,0.7389907518449677,0.8279098144680102,0.9203840941464141,1.0202094842054468,1.1251845020090456,1.2586345531988101,1.3935797953836657,1.577873172143862,1.7811070649059946,2.0734600641045065,2.532571454365277,3.050254470243609,3.555696984547726
WR,10.02,9.598343581855271,10.45882434631632,1261,10.019350754326194,0.057999028804467535,0.0,0.0,0.07432711921504556,0.1922165243051172,0.2814521379235173,0.3513434134468286,0.4351214487644316,0.5186743591481082,0.5997319401241961,0.685502382811316,0.7654463330832313,0.8540681078417393,0.9507562200764403,1.0486474161409636,1.1481494301601265,1.2711573772352496,1.4118954654156302,1.5987328185696401,1.808183652280139,2.0909690431818264,2.49760909254758,2.9003741893516177,3.4197922151875435
WR,10.92,10.45882434631632,11.396446248692786,1344,10.917574340819183,0.044266602659093865,0.0,0.0,0.11068066496688297,0.20405077525691065,0.28767236054494355,0.3739607856320185,0.462687189053961,0.5433614651961206,0.6228803283619043,0.7114053467456162,0.791901914321495,0.8802264012154684,0.9811283460064669,1.0770853480764804,1.1711143583112074,1.283680201271689,1.4302111354475948,1.6195924649954188,1.835260239654284,2.1084780222591473,2.4626467307298823,2.750493908459626,3.28388744582736
WR,11.90,11.396446248692786,12.418124905701116,1438,11.896322666999913,0.02930307987223163,0.0,0.03269699839863417,0.13043088344882617,0.23536259784652974,0.3213676144190663,0.4031848665209291,0.48691820338589037,0.5638299197412582,0.6414014779537949,0.7223168836809893,0.8035215651697296,0.8884877991784947,0.9768544687787333,1.0641783448281779,1.1623498643220622,1.2778746952074305,1.4137865835784829,1.5802554243567033,1.7796368847098532,2.0483547141870275,2.399586851935777,2.6907640915164217,3.1612023044680257
WR,12.96,12.418124905701116,13.531395911359894,1406,12.962814685698495,0.02415270184891028,0.0,0.06590783593190057,0.14992017769508392,0.26698051393234984,0.35549464328705116,0.43251277301002805,0.511096811907372,0.5842320774290781,0.6598499096688787,0.7329928276796007,0.8149080667380173,0.8964679442528518,0.9720361234605656,1.0506215985833693,1.1530867368309625,1.2717811561817554,1.3968160829546585,1.5399723820938684,1.7227138854899138,1.9870114009400572,2.336085415674149,2.632451005118858,3.038724911909645
WR,14.12,13.531395911359894,14.744470417261406,1354,14.12491652079041,0.018936293183917177,0.000693481649104338,0.09298838982008556,0.16957055025382511,0.2942607258170012,0.38261237704865825,0.45786728999682574,0.5316447789719252,0.6003999800183752,0.6731300920309568,0.7415315765952027,0.8204713214044709,0.8985057778016118,0.9670782668126738,1.0406952223220878,1.1456858523126394,1.2625996596674203,1.378965447954061,1.5089045414059012,1.6793542409667634,1.9296784190174496,2.2690834868397456,2.563094738875299,2.906239246347536
WR,15.39,14.744470417261406,16.066295695552398,1044,15.39119948535677,0.01325223931769584,0.0031169702493142842,0.10477591709114654,0.1896227598339622,0.31071980288207396,0.3922442418301054,0.47330951663346105,0.5431354985006982,0.6060048190245771,0.6735172045947281,0.7447387318713042,0.8115075044012008,0.8857195128926898,0.9617723756198282,1.0398254163603933,1.1429306470155494,1.2457147323168098,1.3589191692883564,1.5008255754790043,1.669830672619619,1.882349885051529,2.1933489888147717,2.466189397727512,2.7487862555687075
WR,16.77,16.066295695552398,17.506621131318266,733,16.771003301107697,0.009610147261339559,0.0055404588495242555,0.11656344436220765,0.20967496941409952,0.3271788799471467,0.4018761066115527,0.48875174327009674,0.5546262180294715,0.6116096580307788,0.6739043171584992,0.7479458871474061,0.8025436873979308,0.8729332479837679,0.9564664844269828,1.0389556103986992,1.1401754417184593,1.2288298049661996,1.3388728906226517,1.4927466095521071,1.6603071042724746,1.835021351085608,2.1176144907897965,2.3692840565797235,2.591333264789878
WR,18.27,17.506621131318266,19.07607013111068,485,18.27450498535628,0.006126569360271473,0.035721067147553395,0.133557342891732,0.22926979047403528,0.342727961889956,0.41066913001521566,0.4969800744133021,0.5605350489756582,0.6158528399517342,0.6806463207408172,0.7469921212417131,0.8009733247363794,0.872592494202564,0.9586532121843577,1.0388584939555745,1.1348363206957084,1.2157196590447297,1.3231412473931161,1.4710733312896969,1.619243115677997,1.775486459258925,2.042902699566583,2.273122953835572,2.454405658714716
WR,19.91,19.07607013111068,20.786218477994282,310,19.912793913632704,0.002544529262086514,0.09841676385972717,0.15665005944087573,0.2483288200564736,0.3572110624853143,0.4184795225889857,0.49675794483389524,0.5599051755189179,0.6185009572190605,0.6948325348745104,0.7411641925416372,0.8080637606095484,0.8868305907877674,0.9696169013221693,1.0396665171049755,1.1264703637047722,1.2070313462690898,1.3124638300418108,1.4334754804372336,1.5412322261036642,1.7016528646353337,1.9693889217699465,2.1778336626395545,2.3415217828838903
WR,21.70,20.786218477994282,inf,177,21.697953611577788,0.002544529262086514,0.16111246057190062,0.17974277599001934,0.26738784963891177,0.3716941630806725,0.4262899151627557,0.49653581525448826,0.5592753020621771,0.6211490744863869,0.7090187490082039,0.7353362638415611,0.8151541964827171,0.9010686873729707,0.9805805904599809,1.0404745402543765,1.1181044067138368,1.1983430334934493,1.3017864126905054,1.3958776295847706,1.4632213365293327,1.6278192700117424,1.8958751439733095,2.082544371443537,2.2286379070530655
TE,3.12,-inf,3.2674891232624312,64,3.118358333333333,0.2007142857142857,0.0,0.0,0.0,0.0,0.0,0.028300221684612437,0.29394689454378,0.38039938664030487,0.4598905989017922,0.5125381339201116,0.5899709881571679,0.7286709318952335,0.8101636217573305,0.9473956282327639,1.077845256609145,1.2029471275243089,1.503836547678299,1.8836287114661365,2.3144799298826455,2.6003598505046126,3.4269434669334773,3.968316579555207,5.228656603943794
TE,3.42,3.2674891232624312,3.587487644295807,106,3.4237518685755997,0.2007142857142857,0.0,0.0,0.0,0.0,0.0,0.07244971362681651,0.2988794103019412,0.3808834266411551,0.4553165680445178,0.5146043856394587,0.5961463187794801,0.7252344222824731,0.814289400982497,0.9522161843928575,1.0833496689634226,1.222415628986077,1.5036773975479931,1.8492082810146335,2.2463022897156812,2.5415385334507103,3.3506016842950697,3.9012023187643496,5.122399295576737
TE,3.76,3.587487644295807,3.9388249241132693,208,3.7590538368452138,0.2007142857142857,0.0,0.0,0.0,0.0,0.0,0.11659920556902059,0.3038119260601025,0.3813674666420053,0.4507425371872434,0.5166706373588058,0.6023216494017923,0.7217979126697128,0.8184151802076637,0.9570367405529512,1.0888540813177001,1.2418841304478452,1.503518247417687,1.8147878505631305,2.178124649548717,2.482717216396808,3.2742599016566625,3.834088057973492,5.01614198720968
TE,4.13,3.9388249241132693,4.324570095031291,345,4.127193292830388,0.2007142857142857,0.0,0.0,0.0,0.0,0.0,0.16074869751122467,0.30874444181826377,0.38185150664285555,0.44616850632996896,0.518736889078153,0.6084969800241045,0.7183614030569525,0.8225409594328303,0.9618572967130448,1.0943584936719775,1.261352631909613,1.503359097287381,1.7803674201116275,2.1099470093817527,2.4238958993429054,3.1979181190182553,3.7669737971826347,4.909884678842624
TE,4.53,4.324570095031291,4.748092861997217,416,4.531386145477419,0.18757046975139707,0.0,0.0,0.0,0.0,0.0,0.20489818945342864,0.313676957576425,0.3823355466437058,0.4415944754726946,0.5208031407975,0.6146723106464167,0.7149248934441922,0.8266667386579969,0.9666778528731383,1.099862906026255,1.280821133371381,1.503199947157075,1.7459469896601245,2.041769369214789,2.365074582289003,3.1215763363798485,3.6998595363917777,4.803627370475568
TE,4.98,4.748092861997217,5.213092938891492,467,4.975163250796781,0.16782860986827697,0.0,0.0,0.0,0.0,0.0,0.24904768139563271,0.3186094733345863,0.38281958664455606,0.4370204446154202,0.5228693925168472,0.6208476412687288,0.7114883838314319,0.8307925178831636,0.971498409033232,1.1053673183805324,1.3002896348331492,1.5030407970267687,1.7115265592086217,1.9735917290478244,2.3062532652351004,3.045234553741441,3.6327452756009206,4.6973700621085115
TE,5.46,5.213092938891492,5.723632367646869,509,5.462401255912154,0.14615334922183956,0.0,0.0,0.0,0.030450740573093087,0.06268907499811907,0.267760641844516,0.3272712433834304,0.39288687543007356,0.4505012982115522,0.5362374178538742,0.6300932604495878,0.7232550502012907,0.8462183876003387,0.9847152957821534,1.1172662967240659,1.301170066080652,1.48875711551915,1.6795280380244921,1.9461294174057349,2.260764595175595,2.9561901103123,3.5662983022288586,4.537842309290717
TE,6.00,5.723632367646869,6.284171002510644,532,5.997356463792842,0.1223553419989889,0.0,0.0,0.0,0.0747138985097305,0.15381383503089602,0.27493562381884173,0.3376245984560955,0.40730111372884736,0.47217182453247114,0.5547319133922083,0.6407315586326326,0.7419178579447655,0.866769964055148,1.0017407474537179,1.1320658421027525,1.2936189722174272,1.4680665644649715,1.6486280918171285,1.937135527223855,2.221323596909337,2.861383756034127,3.5001540095849606,4.354151150327547
TE,6.58,6.284171002510644,6.899605469425232,529,6.584702014497382,0.09966993943165516,0.0,0.0,0.0,0.11897705644636801,0.24493859506367316,0.2821106057931675,0.34797795352876054,0.4217153520276213,0.49384235085339,0.5732264089305424,0.6513698568156776,0.7605806656882401,0.887321540509957,1.0187661991252823,1.1468653874814396,1.2860678783542023,1.4473760134107936,1.6177281456097652,1.9281416370419748,2.181882598643078,2.7665774017559532,3.4340097169410635,4.170459991364376
TE,7.23,6.899605469425232,7.575311940859609,566,7.229568707727815,0.08645215697321343,0.0,0.0,0.0,0.15209891450595986,0.2647039397454442,0.3028936866897175,0.3744081719204957,0.4491649955856588,0.5242363800239528,0.6062006627690271,0.684357784353941,0.7974833170513408,0.9106287466606454,1.0310928873702674,1.1470319393132518,1.2721223169558593,1.4252174335502572,1.5972708199146959,1.8660261103067164,2.1061142243100806,2.623608921178391,3.266049011756725,3.88281116342555
TE,7.94,7.575311940859609,8.317193099754242,606,7.937589823303007,0.0719399032316296,0.0,0.0,0.0,0.18081006367268615,0.2562189356033,0.3290640530550767,0.4072030304164712,0.4817752019625469,0.5580839408309037,0.6449072817180322,0.7261936659045021,0.8416069068458105,0.9350268740269184,1.0415593907302025,1.1414054620121323,1.255645261464947,1.4024776784424295,1.580947604212779,1.7828803557402948,2.0159642713067,2.461573624240763,3.057780392667559,3.554006723476207
TE,8.71,8.317193099754242,9.131729702836484,562,8.714950331083504,0.05600640536069087,0.0,0.0,0.007057906230508365,0.2053476931799306,0.2509391760191361,0.3526236083859227,0.4355210521230865,0.5096867467999237,0.5868745396412057,0.6767598617901519,0.7606155696432472,0.876299226107735,0.9523183372547909,1.0469093620526082,1.1319904021607083,1.2367517192259465,1.3759161930815387,1.5566448891399505,1.7049166060514813,1.9328684235871068,2.3181590232589215,2.8594865661465314,3.252775201136094
TE,9.57,9.131729702836484,10.026037193741491,593,9.568440920224806,0.04195557456299507,0.0,0.0,0.06260322304551356,0.2012134822429039,0.2676792625239905,0.35824704180546213,0.43308346211766446,0.505318756627459,0.5809240998724138,0.6615255882924249,0.7441038714772282,0.8461992582933191,0.9207874258703098,1.0171090520351957,1.0965479977044703,1.2012570517665426,1.323099640301011,1.4775234715199452,1.6625529323547996,1.8982338741662579,2.3026675344140166,2.7297189918808664,3.1409680397137096
TE,10.51,10.026037193741491,11.007927860486706,488,10.505517319735516,0.03734021336159898,0.0,0.0,0.11814853986051875,0.19707927130587727,0.28441934902884486,0.3638704752250015,0.43064587211224237,0.5009507664549941,0.574973660103622,0.6462913147946983,0.7275921733112092,0.8160992904789031,0.8892565144858288,0.9873087420177827,1.061105593248232,1.1657623843071392,1.2702830875204836,1.3984020538999402,1.6201892586581186,1.863599324745409,2.287176045569112,2.5999514176152023,3.0291608782913233
TE,11.53,11.007927860486706,12.085979080281056,451,11.53436542853942,0.03227285103555737,0.0,0.007031064693319295,0.15149198593147817,0.1998549456233364,0.2975468964058546,0.37014936247461444,0.43288269791070033,0.5026961038306603,0.5764200754535749,0.6406268653414908,0.7180116053194184,0.7958818952677318,0.869198348580914,0.964059987607763,1.0339820200605208,1.1368761450972265,1.2326541279362642,1.345512407222131,1.5805982759528026,1.82416904779295,2.2445735900489465,2.483880556346369,2.9031733111016953
TE,12.66,12.085979080281056,13.269608247826302,360,12.663972823989857,0.026709221273358397,0.0,0.02816582810145294,0.14030042776946583,0.2164912433362543,0.30342800733590486,0.3777430325834451,0.4444959915758715,0.5167042397502992,0.5927039330092628,0.6541586430551208,0.7223342761675943,0.7954880733847762,0.8721535032374348,0.9539530787688437,1.0235452923205777,1.1212458329872088,1.2254901474109663,1.345241390902862,1.5465690680393833,1.775118962294506,2.1475889146896474,2.3952840992988693,2.7487410944431114
TE,13.90,13.269608247826302,14.569155041652202,281,13.90420727350424,0.02060072258327043,0.0,0.049300591509586586,0.12910886960745352,0.2331275410491722,0.30930911826595503,0.3853367026922757,0.45610928524104266,0.5307123756699381,0.6089877905649508,0.6676904207687508,0.7266569470157703,0.7950942515018207,0.875108657893956,0.9438461699299243,1.0131085645806341,1.1056155208771912,1.2183261668856689,1.3449703745835937,1.5125398601259645,1.7260688767960621,2.05060423933035,2.3066876422513687,2.5943088777845276
TE,15.27,14.569155041652202,15.995971747129024,200,15.265902935162762,0.02038295243977764,0.0,0.07043535491772022,0.1179173114454412,0.2497638387620901,0.3151902291960052,0.3929303728011065,0.4677225789062138,0.5447205115895768,0.6252716481206387,0.681222198482381,0.7309796178639463,0.7947004296188652,0.8780638125504769,0.933739261091005,1.0026718368406908,1.0899852087671738,1.2111621863603708,1.344699358264325,1.4785106522125455,1.6770187912976182,1.9536195639710527,2.2180911852038685,2.439876661125946
TE,16.76,15.995971747129024,17.56252242518061,163,16.76095500028292,0.02038295243977764,0.01478190058149306,0.08894073465072277,0.1308378586378188,0.26485582196110746,0.3315915963807895,0.4074152635734044,0.47350989722492454,0.5412357427362744,0.6120450263179149,0.6702562314973903,0.7219120021432399,0.7784223709884113,0.8534464269985607,0.9130938692208765,0.9755269647124928,1.0581533171498172,1.1748878809340624,1.295340102836489,1.4395928222649699,1.6136552663924641,1.817648547244953,2.0392718496970206,2.302953416222895
TE,18.40,17.56252242518061,19.282491792993532,81,18.402423604726906,0.02038295243977764,0.033463294787870926,0.10675247794489097,0.1501192253062598,0.27954041203983077,0.35076822727211293,0.4237180715273747,0.4777603121125093,0.5331363121710535,0.5910334836593782,0.6528277126402863,0.7093120032338585,0.757954020345672,0.8215553526424259,0.8896684053857397,0.9439744521617074,1.0220474178936167,1.1309342161625873,1.2330312761133122,1.3993853644815446,1.5465158288156653,1.6713928591547544,1.8366515464166864,2.1706490715324778
TE,20.20,19.282491792993532,inf,77,20.20464791666667,0.02038295243977764,0.05214468899424879,0.12456422123905918,0.16940059197470078,0.2942250021185541,0.3699448581634365,0.4400208794813447,0.482010727000094,0.5250368816058326,0.5700219410008416,0.635399193783182,0.6967120043244766,0.7374856697029329,0.789664278286291,0.8662429415506026,0.9124219396109222,0.9859415186374162,1.0869805513911122,1.1707224493901351,1.3591779066981193,1.4793763912388669,1.525137171064556,1.6340312431363528,2.0383447268420607
DST,1.22,-inf,1.2981573805298992,38,1.2227512898492152,0.06510607168983175,-1.3404115648524053,-0.9366842555176592,-0.613989534898451,-0.21908868429681067,0.0,0.021737528731134353,0.34814819021085375,0.7430709976901653,1.0288758444029553,1.30849292830801,1.96596023039376,2.095364304776812,2.7029699044389,2.8640931803470715,3.260099991472214,3.651567457681019,4.096071561614014,4.6971038875216164,6.110223305297156,8.397010355522092,10.475722265883324,11.572930629423384,12.386077847849915
DST,1.38,1.2981573805298992,1.4632070373108381,10,1.378213704302911,0.06510607168983175,-1.3404115648524053,-0.9366842555176592,-0.613989534898451,-0.21908868429681067,0.0,0.03969356830167571,0.35346143197853225,0.727004285576119,0.9952485145295791,1.26574358414008,1.8675017644198917,2.0024797075239444,2.5574068858275423,2.7236062083020824,3.1017792779073043,3.4765512365721722,3.9002359266421753,4.465569718531024,5.775892292081168,7.895073557854728,9.835928822826745,10.889850286667235,11.721834725562173
DST,1.55,1.4632070373108381,1.649241352509993,13,1.553441840950818,0.06510607168983175,-1.3404115648524053,-0.9366842555176592,-0.613989534898451,-0.21908868429681067,0.0,0.05764960787221708,0.35877467374621075,0.7109375734620725,0.9616211846562027,1.2229942399721498,1.769043298446023,1.9095951102710775,2.411843867216184,2.583119236257094,2.9434585643423947,3.3015350154633256,3.7044002916703356,4.234035549540433,5.44156127886518,7.393136760187365,9.196135379770167,10.206769943911086,11.057591603274432
DST,1.75,1.649241352509993,1.858928346755323,14,1.7509487430595774,0.06510607168983175,-1.3404115648524053,-0.9366842555176592,-0.613989534898451,-0.21908868429681067,0.0,0.07560564744275844,0.36408791551388925,0.6948708613480262,0.9279938547828264,1.1802448958042198,1.6705848324721546,1.8167105130182104,2.266280848604826,2.442632264212105,2.7851378507774855,3.126518794354479,3.5085646566984963,4.002501380549841,5.107230265649192,6.891199962520002,8.55634193671359,9.523689601154937,10.39334848098669
DST,1.97,1.858928346755323,2.095275256778732,23,1.9735669659479569,0.06510607168983175,-1.3404115648524053,-0.9366842555176592,-0.613989534898451,-0.21908868429681067,0.0,0.09356168701329981,0.3694011572815677,0.6788041492339799,0.89436652490945,1.1374955516362895,1.5721263664982859,1.723825915765343,2.1207178299934677,2.302145292167116,2.6268171372125755,2.9515025732456324,3.312729021726657,3.77096721155925,4.772899252433204,6.389263164852639,7.916548493657012,8.840609258398787,9.729105358698948
DST,2.22,2.095275256778732,2.3616716638551685,26,2.224489200223547,0.06510607168983175,-1.3404115648524053,-0.9366842555176592,-0.613989534898451,-0.21908868429681067,0.0,0.1115177265838412,0.3747143990492462,0.6627374371199335,0.8607391950360737,1.0947462074683594,1.4736679005244173,1.630941318512476,1.9751548113821098,2.161658320122127,2.4684964236476663,2.7764863521367857,3.1168933867548176,3.5394330425686578,4.438568239217215,5.887326367185276,7.276755050600434,8.157528915642636,9.064862236411205
DST,2.51,2.3616716638551685,2.66193810565551,53,2.5073140599180874,0.06510607168983175,-1.3404115648524053,-0.9366842555176592,-0.613989534898451,-0.21908868429681067,0.0,0.12947376615438252,0.3800276408169247,0.6466707250058872,0.8271118651626974,1.0519968633004293,1.3752094345505488,1.538056721259609,1.8295917927707521,2.0211713480771385,2.310175710082757,2.601470131027939,2.9210577517829783,3.3078988735780666,4.104237226001228,5.385389569517914,6.636961607543857,7.474448572886489,8.400619114123465
DST,2.83,2.66193810565551,3.000380868682597,84,2.8260976921943066,0.06510607168983175,-1.3404115648524053,-0.9366842555176592,-0.613989534898451,-0.21908868429681067,0.0,0.1474298057249239,0.3853408825846032,0.6306040128918409,0.7934845352893211,1.0092475191324992,1.2767509685766805,1.4451721240067417,1.684028774159394,1.8806843760321497,2.151854996517847,2.4264539099190925,2.725222116811139,3.076364704587475,3.76990621278524,4.883452771850551,5.997168164487279,6.79136823013034,7.736375991835722
DST,3.19,3.000380868682597,3.3818537470989383,118,3.1854119487875043,0.06510607168983175,-1.3404115648524053,-0.9366842555176592,-0.613989534898451,-0.21908868429681067,0.0,0.16538584529546527,0.3906541243522817,0.6145373007777946,0.7598572054159447,0.9664981749645691,1.1782925026028117,1.3522875267538745,1.5384657555480359,1.7401974039871606,1.9935342829529377,2.2514376888102454,2.5293864818392997,2.8448305355968833,3.435575199569252,4.381515974183187,5.357374721430701,6.10828788737419,7.07213286954798
DST,3.59,3.3818537470989383,3.811827653663464,177,3.5904099534506004,0.06510607168983175,-1.3404115648524053,-0.9366842555176592,-0.613989534898451,-0.21908868429681067,0.0,0.18334188486600664,0.3959673661199602,0.5984705886637481,0.7262298755425685,0.923748830796639,1.0798340366289432,1.2594029295010074,1.3929027369366775,1.5997104319421718,1.835213569388028,2.076421467701399,2.33355084686746,2.6132963666062916,3.1012441863532634,3.879579176515824,4.717581278374123,5.425207544618041,6.407889747260238
DST,4.05,3.811827653663464,4.2964690811061335,284,4.046900005741482,0.06382534518667021,-1.0586255133338307,-0.8239610708176581,-0.5144205804083501,-0.20900923635635005,0.06650503183175616,0.20129792443654798,0.40128060788763864,0.5824038765497018,0.6926025456691921,0.880999486628709,0.9813755706550746,1.1665183322481403,1.2473397183253199,1.459223459897183,1.6768928558231189,1.9014052465925526,2.1377152118956206,2.3817621976157,2.766913173137276,3.3776423788484617,4.0777878353175465,4.742127201861892,5.743646624972496
DST,4.56,4.2964690811061335,4.842728539198204,396,4.561428881047622,0.06113197274520063,-0.7735066910365771,-0.5414750491169711,-0.3092234121880475,-0.07546611825436589,0.154716199222652,0.2192539640070894,0.4065938496553172,0.5663371644356554,0.6589752157958157,0.8382501424607788,0.8829171046812059,1.073633734995273,1.1017766997139613,1.3187364878521939,1.518572142258209,1.7263890254837055,1.9418795769237809,2.150228028625108,2.432582159921287,2.875705581181097,3.4379943922609666,4.059046859105742,5.0794035026847535
DST,5.14,4.842728539198204,5.458440235842915,534,5.141375721499476,0.058096160932576905,-0.6338305221566789,-0.4121560111200604,-0.2221713286343978,-2.220446049250313e-16,0.19449977491098713,0.2495591576980634,0.390637139642794,0.5419812440932573,0.6406044549904307,0.7765728272166096,0.8095594408310429,0.9736898911865355,1.008946842251625,1.1989864961970964,1.3631683540648565,1.5532373488707774,1.7471864353597786,1.9307410422790694,2.169575775125182,2.5215867764445674,3.0342422526408797,3.597170182784362,4.477944702741983
DST,5.80,5.458440235842915,6.152434431768062,709,5.7950578643140505,0.05467437149871858,-0.683144702482517,-0.481864432103154,-0.28863872704467974,2.220446049250313e-16,0.17135581694936408,0.29591102610775866,0.34704193761930346,0.5068542031689218,0.6420583071723186,0.6903002245556908,0.7688181329620276,0.8645731573047954,0.9846392394794434,1.1061824455935012,1.2115548621265906,1.3825084891352493,1.5539778667394009,1.7269083444202318,1.9992496743813932,2.3595448724417256,2.9372056968972107,3.422728843916115,3.95806878598942
DST,6.53,6.152434431768062,6.934664080160961,863,6.531850125311166,0.04728755536814572,-0.6282735265672033,-0.44318360338947205,-0.24813019539348247,0.041865455200375656,0.192804288708897,0.3059836747924962,0.35076579652430384,0.5040850216558124,0.6118497735781847,0.6538452713658236,0.7664039557208999,0.8389892052059873,0.9651894741843785,1.0643044338950878,1.1569389198028532,1.3091462538114724,1.461233371973075,1.6420223157545801,1.903236127328718,2.239340179633123,2.7799499212873204,3.233014472582873,3.646183821555338
DST,7.36,6.934664080160961,7.816347567454674,884,7.3623192483130895,0.036949535890391294,-0.4456171352930822,-0.27157867186245727,-0.07641559099659152,0.13502866614189366,0.2689006611115072,0.2715925278828422,0.41250668439839283,0.5409535332286753,0.5428460286104132,0.6784560405313574,0.8109240315365909,0.9158002481861975,0.9516706600171605,1.0848188280350606,1.2212162529210453,1.3551348378635453,1.4916419767795128,1.7029557063271559,1.898264391604058,2.1703451154298,2.548798848784761,3.024432541946006,3.5892886136954147
DST,8.30,7.816347567454674,8.810129602389695,821,8.298375448640483,0.02870631333312418,-0.3783520222806043,-0.2407510673521736,-0.025382421529381943,0.12060830859915797,0.24095138550227013,0.31739394161456363,0.3970410508821538,0.4821793446763599,0.556071270583962,0.6040358054199205,0.723339951812848,0.8286876583315865,0.90002102859457,0.9657172270878596,1.086844045436135,1.207909437223275,1.3292517596285416,1.5471178474593847,1.6862560892260743,1.9295728349340744,2.341908617739254,2.6707671794016967,3.1640703930082585
DST,9.35,8.810129602389695,9.930262560749838,602,9.35344322407338,0.025209149805354564,-0.3117270262958768,-0.1808740572755705,-7.216449660063518e-16,0.1318188961164484,0.24124601432246348,0.3216666044432294,0.3992871223497433,0.4628614910180255,0.5561776409181756,0.5840813574129672,0.6716127430273712,0.7620772755316776,0.845651301759508,0.9011759645762532,0.9970065291299051,1.1031366476093978,1.2146283015217887,1.3916802530802588,1.5335891355178797,1.7657363791293827,2.152030162567296,2.390608247967495,2.773517232490823
DST,10.54,9.930262560749838,11.192810886537076,372,10.54265388297142,0.021409455842997322,-0.24573545122604296,-0.09225152059485253,2.1649348980190553e-15,0.1683923094385342,0.26948909476679084,0.28484493881157935,0.4190596208436778,0.4825872288647315,0.5433023730270046,0.6180229427913225,0.6553673149324803,0.715754631046704,0.7885899337868524,0.8906242977019522,0.951237837129217,1.0403723822968898,1.1472719256884742,1.2366387361176128,1.4396427746637046,1.6780309405469356,1.9789855271043109,2.183186814249891,2.4172665091460477
DST,11.88,11.192810886537076,12.61588148101524,193,11.883062550705052,0.021409455842997322,-0.1336276422017147,-0.021052957395068073,0.03333766914276626,0.16859638203088007,0.2829032033874866,0.3020544657349121,0.42636491631654544,0.47769178261025125,0.5171445749970591,0.5907250802240155,0.6348046905537641,0.6810177364588434,0.7371432647844525,0.8321702829601738,0.8687379937722198,0.940220450341017,1.0397257435519713,1.0996340569214338,1.291525218040762,1.5050247691497256,1.762357611653245,1.8946677588504617,2.075604275650118
DST,13.39,12.61588148101524,inf,86,13.393892766606696,0.021409455842997322,0.0038150994971590246,0.04057337587158849,0.08499009495216159,0.14882018477476616,0.2881707013557357,0.34894717596103875,0.42682108899481824,0.4592701658929657,0.48368973690210104,0.5297840261450051,0.6118703226952698,0.6526457196690508,0.688781149922783,0.7474000959270362,0.766059112213864,0.8195288095658468,0.910100437654,0.9725382976714507,1.113647564375732,1.2851568283139343,1.521786295591384,1.5615960023913145,1.7419565389257272
