relation,role_a,role_b,total_bucket,rho,n,ci_lo,ci_hi
same_team,QB1,RB1,all,0.06994,6029,0.04993,0.09122
same_team,QB1,RB2,all,0.05261,4507,0.03016,0.07583
same_team,QB1,RB3,all,0.04915,1414,0.01082,0.08710
same_team,QB1,WR1,all,0.30628,6086,0.28653,0.32370
same_team,QB1,WR2,all,0.27528,5917,0.25458,0.29459
same_team,QB1,WR3,all,0.21337,4585,0.19036,0.23455
same_team,QB1,WR4,all,0.12523,1921,0.09346,0.15786
same_team,QB1,TE1,all,0.24848,5391,0.22701,0.26898
same_team,QB1,TE2,all,0.17310,2023,0.13783,0.20257
same_team,QB1,DST,all,-0.08247,6096,-0.10393,-0.06069
same_team,RB1,RB2,all,-0.07837,4620,-0.10142,-0.05421
same_team,RB1,RB3,all,-0.05920,1448,-0.09932,-0.01819
same_team,RB1,WR1,all,-0.02009,6184,-0.04284,0.00082
same_team,RB1,WR2,all,-0.01367,6003,-0.03395,0.00707
same_team,RB1,WR3,all,-0.02999,4644,-0.05203,-0.00741
same_team,RB1,WR4,all,-0.02682,1937,-0.06114,0.00621
same_team,RB1,TE1,all,0.00213,5465,-0.01915,0.02294
same_team,RB1,TE2,all,-0.01925,2057,-0.05298,0.01331
same_team,RB1,DST,all,0.06126,6194,0.04026,0.08059
same_team,RB2,RB3,all,-0.02994,1343,-0.07084,0.00870
same_team,RB2,WR1,all,-0.03510,4623,-0.05884,-0.01178
same_team,RB2,WR2,all,-0.01411,4478,-0.03881,0.00824
same_team,RB2,WR3,all,-0.02363,3441,-0.05045,0.00121
same_team,RB2,WR4,all,0.00526,1395,-0.03135,0.04124
same_team,RB2,TE1,all,0.00234,4089,-0.02293,0.02612
same_team,RB2,TE2,all,0.01285,1618,-0.02346,0.04635
same_team,RB2,DST,all,0.01647,4632,-0.00693,0.03860
same_team,RB3,WR1,all,-0.01180,1447,-0.05000,0.02771
same_team,RB3,WR2,all,0.02693,1410,-0.01197,0.06658
same_team,RB3,WR3,all,0.01804,1092,-0.02127,0.05878
same_team,RB3,WR4,all,0.03299,406,-0.01998,0.08721
same_team,RB3,TE1,all,-0.02755,1295,-0.06617,0.01333
same_team,RB3,TE2,all,-0.01982,490,-0.07408,0.03684
same_team,RB3,DST,all,-0.01099,1451,-0.04921,0.02934
same_team,WR1,WR2,all,0.00456,6069,-0.01543,0.02505
same_team,WR1,WR3,all,-0.00837,4694,-0.03084,0.01520
same_team,WR1,WR4,all,-0.04887,1965,-0.08138,-0.01423
same_team,WR1,TE1,all,0.00327,5509,-0.01738,0.02473
same_team,WR1,TE2,all,-0.02179,2075,-0.05233,0.01139
same_team,WR1,DST,all,-0.05490,6254,-0.07530,-0.03575
same_team,WR2,WR3,all,-0.00285,4681,-0.02548,0.02081
same_team,WR2,WR4,all,-0.01865,1963,-0.05385,0.01596
same_team,WR2,TE1,all,0.00062,5346,-0.02207,0.02313
same_team,WR2,TE2,all,-0.00964,1989,-0.04307,0.02610
same_team,WR2,DST,all,-0.06068,6068,-0.08235,-0.03955
same_team,WR3,WR4,all,-0.03963,1923,-0.07341,-0.00749
same_team,WR3,TE1,all,0.00930,4142,-0.01570,0.03313
same_team,WR3,TE2,all,-0.00027,1463,-0.03715,0.03593
same_team,WR3,DST,all,-0.06748,4692,-0.08725,-0.04551
same_team,WR4,TE1,all,0.02010,1693,-0.01558,0.05717
same_team,WR4,TE2,all,0.01835,602,-0.02896,0.06640
same_team,WR4,DST,all,-0.02357,1965,-0.05649,0.00814
same_team,TE1,TE2,all,0.00307,2045,-0.03063,0.03809
same_team,TE1,DST,all,-0.06645,5521,-0.08923,-0.04433
same_team,TE2,DST,all,-0.03146,2080,-0.06431,0.00330
opp,QB1,QB1,all,0.19274,2967,0.16409,0.21937
opp,QB1,RB1,all,0.02623,6029,0.00478,0.04651
opp,QB1,RB2,all,0.01510,4503,-0.00750,0.03911
opp,QB1,RB3,all,-0.01161,1413,-0.04867,0.02518
opp,QB1,WR1,all,0.08110,6084,0.06033,0.10253
opp,QB1,WR2,all,0.08716,5902,0.06413,0.10735
opp,QB1,WR3,all,0.07296,4564,0.04929,0.09700
opp,QB1,WR4,all,0.01802,1908,-0.01442,0.05375
opp,QB1,TE1,all,0.05821,5375,0.03598,0.07885
opp,QB1,TE2,all,0.06317,2027,0.03090,0.09683
opp,QB1,DST,all,-0.34181,6096,-0.36227,-0.32285
opp,RB1,RB1,all,-0.01885,3061,-0.04556,0.00951
opp,RB1,RB2,all,-0.04087,4582,-0.06368,-0.01762
opp,RB1,RB3,all,-0.03950,1437,-0.07840,0.00134
opp,RB1,WR1,all,0.01627,6182,-0.00491,0.03648
opp,RB1,WR2,all,0.00332,6000,-0.01831,0.02374
opp,RB1,WR3,all,0.00377,4644,-0.01857,0.02699
opp,RB1,WR4,all,0.00557,1946,-0.03194,0.03712
opp,RB1,TE1,all,0.02932,5457,0.00737,0.05183
opp,RB1,TE2,all,0.01113,2062,-0.02046,0.04525
opp,RB1,DST,all,-0.23435,6194,-0.25490,-0.21383
opp,RB2,RB2,all,-0.01310,1708,-0.05076,0.02415
opp,RB2,RB3,all,0.02837,1055,-0.01622,0.07081
opp,RB2,WR1,all,-0.02856,4621,-0.05228,-0.00595
opp,RB2,WR2,all,0.00865,4482,-0.01440,0.03059
opp,RB2,WR3,all,0.02608,3487,0.00009,0.05316
opp,RB2,WR4,all,-0.00618,1491,-0.04317,0.03290
opp,RB2,TE1,all,-0.00500,4095,-0.02927,0.02169
opp,RB2,TE2,all,0.00724,1563,-0.02649,0.04299
opp,RB2,DST,all,-0.08973,4632,-0.11220,-0.06673
opp,RB3,RB3,all,0.01862,171,-0.03494,0.06732
opp,RB3,WR1,all,-0.01500,1448,-0.05392,0.02581
opp,RB3,WR2,all,-0.01744,1415,-0.05815,0.02249
opp,RB3,WR3,all,-0.03605,1128,-0.07639,0.00367
opp,RB3,WR4,all,0.07939,465,0.03262,0.12996
opp,RB3,TE1,all,-0.04675,1282,-0.08490,-0.00796
opp,RB3,TE2,all,-0.05382,491,-0.10548,-0.00400
opp,RB3,DST,all,-0.04520,1451,-0.08796,-0.00311
opp,WR1,WR1,all,0.04031,3121,0.01134,0.06811
opp,WR1,WR2,all,0.04056,6057,0.02053,0.06095
opp,WR1,WR3,all,0.03822,4682,0.01547,0.06010
opp,WR1,WR4,all,0.01359,1962,-0.02111,0.04888
opp,WR1,TE1,all,0.01005,5512,-0.01141,0.02932
opp,WR1,TE2,all,0.03832,2078,0.00673,0.07083
opp,WR1,DST,all,-0.12166,6254,-0.14147,-0.10085
opp,WR2,WR2,all,0.04077,2939,0.01145,0.06770
opp,WR2,WR3,all,0.05575,4541,0.03139,0.07840
opp,WR2,WR4,all,0.04058,1903,0.00740,0.07450
opp,WR2,TE1,all,0.01308,5348,-0.00715,0.03273
opp,WR2,TE2,all,0.06090,2018,0.02510,0.09455
opp,WR2,DST,all,-0.10207,6068,-0.12187,-0.08059
opp,WR3,WR3,all,0.03438,1755,0.00160,0.06813
opp,WR3,WR4,all,0.01656,1476,-0.02103,0.05517
opp,WR3,TE1,all,0.01183,4132,-0.01461,0.03744
opp,WR3,TE2,all,-0.01634,1607,-0.05183,0.02076
opp,WR3,DST,all,-0.06537,4693,-0.08877,-0.04345
opp,WR4,WR4,all,-0.01705,312,-0.06822,0.03734
opp,WR4,TE1,all,-0.02573,1724,-0.06068,0.00881
opp,WR4,TE2,all,0.02038,661,-0.02842,0.06936
opp,WR4,DST,all,-0.03593,1964,-0.06681,0.00123
opp,TE1,TE1,all,0.00190,2441,-0.02964,0.03174
opp,TE1,TE2,all,0.01735,1863,-0.01912,0.05545
opp,TE1,DST,all,-0.07134,5521,-0.09272,-0.04829
opp,TE2,TE2,all,-0.02384,367,-0.07950,0.03432
opp,TE2,DST,all,-0.06734,2081,-0.09836,-0.03387
opp,DST,DST,all,-0.18954,3149,-0.21490,-0.16266
