relation,role_a,role_b,total_bucket,n,r_raw,raw_lo,raw_hi,rho,ci_lo,ci_hi,conditional
same_team,QB1,RB1,all,6029,0.07225,0.05158,0.09423,0.06994,0.04993,0.09122,False
same_team,QB1,RB1,low,1911,0.10165,0.06156,0.14086,0.09206,0.05573,0.12765,False
same_team,QB1,RB1,mid,1960,0.03992,0.00082,0.07839,0.03623,0.00074,0.07114,False
same_team,QB1,RB1,high,2158,0.07525,0.03982,0.11028,0.06888,0.03644,0.10098,False
same_team,QB1,RB2,all,4507,0.05494,0.03150,0.07918,0.05261,0.03016,0.07583,False
same_team,QB1,RB2,low,1436,0.03149,-0.00967,0.07532,0.02764,-0.00849,0.06612,False
same_team,QB1,RB2,mid,1450,0.07975,0.03575,0.11969,0.07010,0.03141,0.10527,False
same_team,QB1,RB2,high,1621,0.05330,0.01233,0.09518,0.04744,0.01097,0.08476,False
same_team,QB1,RB3,all,1414,0.05611,0.01235,0.09937,0.04915,0.01082,0.08710,False
same_team,QB1,RB3,low,401,-0.01382,-0.10426,0.07193,-0.00920,-0.06953,0.04792,False
same_team,QB1,RB3,mid,450,0.04218,-0.03581,0.11916,0.02915,-0.02475,0.08253,False
same_team,QB1,RB3,high,563,0.11161,0.03801,0.18126,0.08239,0.02802,0.13424,False
same_team,QB1,WR1,all,6086,0.31568,0.29540,0.33355,0.30628,0.28653,0.32370,False
same_team,QB1,WR1,low,1931,0.29382,0.25684,0.32716,0.26762,0.23363,0.29836,False
same_team,QB1,WR1,mid,1973,0.31803,0.28133,0.34991,0.29048,0.25661,0.32002,False
same_team,QB1,WR1,high,2182,0.33391,0.30124,0.36436,0.30772,0.27729,0.33620,False
same_team,QB1,WR2,all,5917,0.28409,0.26279,0.30394,0.27528,0.25458,0.29459,False
same_team,QB1,WR2,low,1855,0.24835,0.20928,0.28487,0.22502,0.18940,0.25843,False
same_team,QB1,WR2,mid,1922,0.28383,0.24830,0.32218,0.25831,0.22571,0.29364,False
same_team,QB1,WR2,high,2140,0.31311,0.27938,0.34745,0.28789,0.25658,0.31988,False
same_team,QB1,WR3,all,4585,0.22238,0.19845,0.24439,0.21337,0.19036,0.23455,False
same_team,QB1,WR3,low,1337,0.20368,0.16064,0.24734,0.17773,0.13999,0.21618,False
same_team,QB1,WR3,mid,1532,0.22315,0.18156,0.26305,0.19806,0.16095,0.23382,False
same_team,QB1,WR3,high,1716,0.23607,0.19586,0.27254,0.21218,0.17583,0.24527,False
same_team,QB1,WR4,all,1921,0.13813,0.10314,0.17400,0.12523,0.09346,0.15786,False
same_team,QB1,WR4,low,500,0.20894,0.13827,0.27995,0.15007,0.09891,0.20227,False
same_team,QB1,WR4,mid,616,0.12653,0.06190,0.18529,0.09562,0.04670,0.14041,False
same_team,QB1,WR4,high,805,0.10698,0.05020,0.16497,0.08574,0.04019,0.13248,False
same_team,QB1,TE1,all,5391,0.25730,0.23513,0.27845,0.24848,0.22701,0.26898,False
same_team,QB1,TE1,low,1652,0.25095,0.21628,0.29121,0.22478,0.19351,0.26125,False
same_team,QB1,TE1,mid,1762,0.25972,0.21994,0.29606,0.23424,0.19812,0.26737,False
same_team,QB1,TE1,high,1977,0.25897,0.22245,0.29163,0.23608,0.20258,0.26615,False
same_team,QB1,TE2,all,2023,0.18985,0.15128,0.22199,0.17310,0.13783,0.20257,False
same_team,QB1,TE2,low,575,0.19310,0.12837,0.25932,0.14389,0.09535,0.19414,False
same_team,QB1,TE2,mid,633,0.20570,0.14182,0.26709,0.15708,0.10795,0.20483,False
same_team,QB1,TE2,high,815,0.17323,0.11772,0.22874,0.13949,0.09461,0.18470,False
same_team,QB1,DST,all,6096,-0.08516,-0.10731,-0.06268,-0.08247,-0.10393,-0.06069,False
same_team,QB1,DST,low,1939,-0.07333,-0.11253,-0.03220,-0.06648,-0.10207,-0.02919,False
same_team,QB1,DST,mid,1975,-0.07694,-0.11793,-0.03832,-0.06988,-0.10716,-0.03480,False
same_team,QB1,DST,high,2182,-0.09845,-0.13704,-0.06134,-0.09022,-0.12565,-0.05619,False
same_team,RB1,RB2,all,4620,-0.08175,-0.10578,-0.05655,-0.07837,-0.10142,-0.05421,False
same_team,RB1,RB2,low,1508,-0.07517,-0.11781,-0.03554,-0.06638,-0.10409,-0.03137,False
same_team,RB1,RB2,mid,1480,-0.11221,-0.15061,-0.06672,-0.09893,-0.13288,-0.05878,False
same_team,RB1,RB2,high,1632,-0.06084,-0.10510,-0.01795,-0.05420,-0.09368,-0.01599,False
same_team,RB1,RB3,all,1448,-0.06737,-0.11296,-0.02071,-0.05920,-0.09932,-0.01819,False
same_team,RB1,RB3,low,424,-0.11569,-0.19629,-0.03338,-0.07862,-0.13401,-0.02263,False
same_team,RB1,RB3,mid,458,-0.07880,-0.16677,0.00902,-0.05480,-0.11641,0.00627,False
same_team,RB1,RB3,high,566,-0.02582,-0.10097,0.04885,-0.01905,-0.07462,0.03606,False
same_team,RB1,WR1,all,6184,-0.02074,-0.04422,0.00085,-0.02009,-0.04284,0.00082,False
same_team,RB1,WR1,low,2005,0.01792,-0.02232,0.05212,0.01630,-0.02030,0.04740,True
same_team,RB1,WR1,mid,1999,-0.06272,-0.10070,-0.02618,-0.05702,-0.09158,-0.02380,True
same_team,RB1,WR1,high,2180,-0.01790,-0.05417,0.01856,-0.01640,-0.04962,0.01700,True
same_team,RB1,WR2,all,6003,-0.01412,-0.03508,0.00730,-0.01367,-0.03395,0.00707,False
same_team,RB1,WR2,low,1917,-0.01553,-0.05355,0.02143,-0.01406,-0.04850,0.01941,False
same_team,RB1,WR2,mid,1947,-0.02184,-0.05708,0.01535,-0.01981,-0.05176,0.01392,False
same_team,RB1,WR2,high,2139,-0.00610,-0.04076,0.03113,-0.00557,-0.03727,0.02847,False
same_team,RB1,WR3,all,4644,-0.03128,-0.05427,-0.00773,-0.02999,-0.05203,-0.00741,False
same_team,RB1,WR3,low,1380,0.00663,-0.03395,0.04911,0.00579,-0.02964,0.04289,False
same_team,RB1,WR3,mid,1549,-0.07126,-0.11245,-0.03119,-0.06312,-0.09966,-0.02762,False
same_team,RB1,WR3,high,1715,-0.02052,-0.06028,0.01962,-0.01838,-0.05399,0.01757,False
same_team,RB1,WR4,all,1937,-0.02960,-0.06744,0.00685,-0.02682,-0.06114,0.00621,False
same_team,RB1,WR4,low,512,-0.04743,-0.12444,0.02965,-0.03406,-0.08956,0.02129,False
same_team,RB1,WR4,mid,620,-0.02218,-0.08709,0.04500,-0.01675,-0.06584,0.03399,False
same_team,RB1,WR4,high,805,-0.02443,-0.08518,0.03392,-0.01955,-0.06823,0.02715,False
same_team,RB1,TE1,all,5465,0.00221,-0.01985,0.02378,0.00213,-0.01915,0.02294,False
same_team,RB1,TE1,low,1711,0.01048,-0.03003,0.04963,0.00938,-0.02688,0.04444,False
same_team,RB1,TE1,mid,1781,0.00818,-0.02950,0.04601,0.00735,-0.02652,0.04137,False
same_team,RB1,TE1,high,1973,-0.01212,-0.05094,0.02666,-0.01100,-0.04626,0.02420,False
same_team,RB1,TE2,all,2057,-0.02113,-0.05813,0.01461,-0.01925,-0.05298,0.01331,False
same_team,RB1,TE2,low,602,-0.05095,-0.11929,0.01435,-0.03821,-0.08962,0.01076,False
same_team,RB1,TE2,mid,644,-0.00834,-0.06940,0.05508,-0.00636,-0.05293,0.04200,False
same_team,RB1,TE2,high,811,-0.01286,-0.07133,0.04819,-0.01031,-0.05721,0.03864,False
same_team,RB1,DST,all,6194,0.06323,0.04155,0.08318,0.06126,0.04026,0.08059,False
same_team,RB1,DST,low,2013,0.09579,0.05472,0.13495,0.08716,0.04978,0.12287,False
same_team,RB1,DST,mid,2001,0.05671,0.01660,0.09202,0.05156,0.01509,0.08369,False
same_team,RB1,DST,high,2180,0.04322,0.00799,0.08001,0.03959,0.00731,0.07330,False
same_team,RB2,RB3,all,1343,-0.03441,-0.08137,0.00999,-0.02994,-0.07084,0.00870,False
same_team,RB2,RB3,low,402,-0.04998,-0.13608,0.03312,-0.03331,-0.09096,0.02206,False
same_team,RB2,RB3,mid,417,-0.04807,-0.13408,0.03347,-0.03243,-0.09070,0.02257,False
same_team,RB2,RB3,high,524,-0.01309,-0.09106,0.06520,-0.00946,-0.06588,0.04714,False
same_team,RB2,WR1,all,4623,-0.03662,-0.06138,-0.01229,-0.03510,-0.05884,-0.01178,False
same_team,RB2,WR1,low,1507,-0.04574,-0.08669,-0.00322,-0.04037,-0.07656,-0.00284,False
same_team,RB2,WR1,mid,1479,-0.00021,-0.04252,0.04137,-0.00018,-0.03745,0.03644,False
same_team,RB2,WR1,high,1637,-0.06166,-0.10092,-0.01875,-0.05495,-0.08998,-0.01671,False
same_team,RB2,WR2,all,4478,-0.01475,-0.04054,0.00861,-0.01411,-0.03881,0.00824,False
same_team,RB2,WR2,low,1433,0.01414,-0.02581,0.05533,0.01241,-0.02264,0.04855,False
same_team,RB2,WR2,mid,1441,-0.01608,-0.06417,0.02679,-0.01411,-0.05635,0.02352,False
same_team,RB2,WR2,high,1604,-0.03772,-0.07698,0.00238,-0.03353,-0.06846,0.00211,False
same_team,RB2,WR3,all,3441,-0.02500,-0.05338,0.00128,-0.02363,-0.05045,0.00121,False
same_team,RB2,WR3,low,1020,-0.01943,-0.06495,0.02841,-0.01624,-0.05430,0.02375,False
same_team,RB2,WR3,mid,1145,-0.00125,-0.05388,0.05016,-0.00106,-0.04586,0.04270,False
same_team,RB2,WR3,high,1276,-0.04782,-0.09385,-0.00361,-0.04134,-0.08117,-0.00312,False
same_team,RB2,WR4,all,1395,0.00602,-0.03586,0.04715,0.00526,-0.03135,0.04124,False
same_team,RB2,WR4,low,362,0.01068,-0.07275,0.09039,0.00686,-0.04677,0.05814,False
same_team,RB2,WR4,mid,437,-0.04566,-0.12426,0.02946,-0.03127,-0.08530,0.02017,False
same_team,RB2,WR4,high,596,0.03835,-0.02645,0.10344,0.02869,-0.01978,0.07748,False
same_team,RB2,TE1,all,4089,0.00245,-0.02405,0.02740,0.00234,-0.02293,0.02612,False
same_team,RB2,TE1,low,1298,0.00032,-0.04685,0.04350,0.00028,-0.04059,0.03768,False
same_team,RB2,TE1,mid,1318,0.02972,-0.01995,0.08083,0.02580,-0.01732,0.07020,False
same_team,RB2,TE1,high,1473,-0.02135,-0.06078,0.02017,-0.01880,-0.05351,0.01776,False
same_team,RB2,TE2,all,1618,0.01444,-0.02636,0.05209,0.01285,-0.02346,0.04635,False
same_team,RB2,TE2,low,468,0.05256,-0.02790,0.12343,0.03677,-0.01951,0.08653,False
same_team,RB2,TE2,mid,504,0.02459,-0.04100,0.09781,0.01757,-0.02931,0.07001,False
same_team,RB2,TE2,high,646,-0.01896,-0.08120,0.04351,-0.01446,-0.06199,0.03320,False
same_team,RB2,DST,all,4632,0.01718,-0.00723,0.04026,0.01647,-0.00693,0.03860,False
same_team,RB2,DST,low,1513,0.00247,-0.03856,0.03926,0.00218,-0.03406,0.03467,False
same_team,RB2,DST,mid,1482,0.00940,-0.03664,0.05127,0.00828,-0.03228,0.04517,False
same_team,RB2,DST,high,1637,0.03631,-0.00673,0.07947,0.03235,-0.00599,0.07084,False
same_team,RB3,WR1,all,1447,-0.01344,-0.05691,0.03155,-0.01180,-0.05000,0.02771,False
same_team,RB3,WR1,low,422,-0.02613,-0.10554,0.05992,-0.01769,-0.07158,0.04059,False
same_team,RB3,WR1,mid,459,-0.00706,-0.08295,0.07647,-0.00490,-0.05773,0.05321,False
same_team,RB3,WR1,high,566,-0.00821,-0.08163,0.06292,-0.00606,-0.06029,0.04645,False
same_team,RB3,WR2,all,1410,0.03075,-0.01367,0.07601,0.02693,-0.01197,0.06658,False
same_team,RB3,WR2,low,405,0.01001,-0.06657,0.09552,0.00668,-0.04449,0.06389,False
same_team,RB3,WR2,mid,449,0.01263,-0.06490,0.09364,0.00872,-0.04484,0.06475,False
same_team,RB3,WR2,high,556,0.05761,-0.01843,0.13516,0.04233,-0.01354,0.09954,False
same_team,RB3,WR3,all,1092,0.02136,-0.02518,0.06954,0.01804,-0.02127,0.05878,False
same_team,RB3,WR3,low,284,0.10696,0.01216,0.20150,0.06264,0.00710,0.11878,False
same_team,RB3,WR3,mid,364,-0.01469,-0.10207,0.07588,-0.00945,-0.06582,0.04888,False
same_team,RB3,WR3,high,444,0.00037,-0.07608,0.07727,0.00025,-0.05239,0.05321,False
same_team,RB3,WR4,all,406,0.04934,-0.02989,0.13007,0.03299,-0.01998,0.08721,False
same_team,RB3,WR4,low,93,-0.23223,-0.37441,-0.08080,-0.07328,-0.12153,-0.02513,True
same_team,RB3,WR4,mid,121,0.12111,-0.00332,0.23884,0.04513,-0.00123,0.09013,True
same_team,RB3,WR4,high,192,0.11520,-0.00295,0.23411,0.05616,-0.00143,0.11538,True
same_team,RB3,TE1,all,1295,-0.03181,-0.07638,0.01540,-0.02755,-0.06617,0.01333,False
same_team,RB3,TE1,low,372,0.01549,-0.08311,0.10739,0.01005,-0.05397,0.06980,False
same_team,RB3,TE1,mid,408,-0.01173,-0.09218,0.07243,-0.00785,-0.06180,0.04854,False
same_team,RB3,TE1,high,515,-0.08983,-0.15714,-0.02631,-0.06468,-0.11345,-0.01892,False
same_team,RB3,TE2,all,490,-0.02795,-0.10432,0.05195,-0.01982,-0.07408,0.03684,False
same_team,RB3,TE2,low,115,-0.11366,-0.28062,0.05468,-0.04095,-0.10315,0.01965,True
same_team,RB3,TE2,mid,146,0.18410,0.06249,0.31153,0.07748,0.02608,0.13354,True
same_team,RB3,TE2,high,229,-0.11422,-0.22783,-0.00471,-0.06079,-0.12241,-0.00250,True
same_team,RB3,DST,all,1451,-0.01251,-0.05599,0.03338,-0.01099,-0.04921,0.02934,False
same_team,RB3,DST,low,425,-0.00960,-0.10514,0.08135,-0.00651,-0.07148,0.05526,False
same_team,RB3,DST,mid,459,0.00623,-0.06520,0.07875,0.00433,-0.04536,0.05480,False
same_team,RB3,DST,high,567,-0.02266,-0.08702,0.04645,-0.01673,-0.06431,0.03430,False
same_team,WR1,WR2,all,6069,0.00471,-0.01594,0.02588,0.00456,-0.01543,0.02505,False
same_team,WR1,WR2,low,1944,0.00752,-0.02680,0.04430,0.00682,-0.02430,0.04017,False
same_team,WR1,WR2,mid,1962,0.00834,-0.02695,0.04675,0.00757,-0.02445,0.04242,False
same_team,WR1,WR2,high,2163,-0.00090,-0.03658,0.03338,-0.00083,-0.03348,0.03055,False
same_team,WR1,WR3,all,4694,-0.00873,-0.03215,0.01585,-0.00837,-0.03084,0.01520,False
same_team,WR1,WR3,low,1399,-0.02040,-0.06663,0.02514,-0.01784,-0.05830,0.02199,False
same_team,WR1,WR3,mid,1563,-0.00227,-0.04461,0.03842,-0.00201,-0.03955,0.03406,False
same_team,WR1,WR3,high,1732,-0.00332,-0.04202,0.03355,-0.00298,-0.03767,0.03007,False
same_team,WR1,WR4,all,1965,-0.05384,-0.08963,-0.01569,-0.04887,-0.08138,-0.01423,False
same_team,WR1,WR4,low,520,-0.03025,-0.10243,0.04179,-0.02182,-0.07398,0.03014,False
same_team,WR1,WR4,mid,631,-0.04839,-0.11365,0.01548,-0.03671,-0.08636,0.01174,False
same_team,WR1,WR4,high,814,-0.07234,-0.13327,-0.01619,-0.05806,-0.10713,-0.01299,False
same_team,WR1,TE1,all,5509,0.00339,-0.01801,0.02563,0.00327,-0.01738,0.02473,False
same_team,WR1,TE1,low,1723,0.00582,-0.03356,0.04324,0.00522,-0.03007,0.03874,False
same_team,WR1,TE1,mid,1792,0.02595,-0.01049,0.06343,0.02334,-0.00943,0.05707,False
same_team,WR1,TE1,high,1994,-0.01867,-0.05499,0.01735,-0.01697,-0.04998,0.01576,False
same_team,WR1,TE2,all,2075,-0.02390,-0.05737,0.01249,-0.02179,-0.05233,0.01139,False
same_team,WR1,TE2,low,606,0.03963,-0.02954,0.10890,0.02977,-0.02219,0.08192,False
same_team,WR1,TE2,mid,646,-0.05433,-0.11830,0.01040,-0.04145,-0.09041,0.00794,False
same_team,WR1,TE2,high,823,-0.04651,-0.10314,0.00909,-0.03740,-0.08302,0.00730,False
same_team,WR1,DST,all,6254,-0.05665,-0.07770,-0.03689,-0.05490,-0.07530,-0.03575,False
same_team,WR1,DST,low,2036,-0.06343,-0.09971,-0.02713,-0.05776,-0.09083,-0.02470,False
same_team,WR1,DST,mid,2014,-0.03612,-0.07516,0.00052,-0.03286,-0.06839,0.00047,False
same_team,WR1,DST,high,2204,-0.06884,-0.10377,-0.03508,-0.06312,-0.09518,-0.03216,False
same_team,WR2,WR3,all,4681,-0.00297,-0.02656,0.02170,-0.00285,-0.02548,0.02081,False
same_team,WR2,WR3,low,1390,0.00768,-0.03579,0.05089,0.00671,-0.03128,0.04449,False
same_team,WR2,WR3,mid,1560,-0.00685,-0.05105,0.03394,-0.00607,-0.04525,0.03008,False
same_team,WR2,WR3,high,1731,-0.00954,-0.04940,0.03156,-0.00855,-0.04428,0.02829,False
same_team,WR2,WR4,all,1963,-0.02055,-0.05933,0.01759,-0.01865,-0.05385,0.01596,False
same_team,WR2,WR4,low,519,0.02454,-0.05169,0.09977,0.01769,-0.03727,0.07201,False
same_team,WR2,WR4,mid,630,-0.01862,-0.08719,0.05014,-0.01412,-0.06617,0.03803,False
same_team,WR2,WR4,high,814,-0.04731,-0.10621,0.01039,-0.03796,-0.08531,0.00834,False
same_team,WR2,TE1,all,5346,0.00064,-0.02290,0.02400,0.00062,-0.02207,0.02313,False
same_team,WR2,TE1,low,1647,0.02436,-0.01732,0.06684,0.02171,-0.01545,0.05961,False
same_team,WR2,TE1,mid,1746,-0.00591,-0.04463,0.03232,-0.00530,-0.04004,0.02899,False
same_team,WR2,TE1,high,1953,-0.01351,-0.05366,0.02458,-0.01226,-0.04868,0.02229,False
same_team,WR2,TE2,all,1989,-0.01062,-0.04740,0.02872,-0.00964,-0.04307,0.02610,False
same_team,WR2,TE2,low,569,-0.04211,-0.10825,0.02759,-0.03112,-0.08013,0.02039,False
same_team,WR2,TE2,mid,621,0.01126,-0.06154,0.08286,0.00851,-0.04652,0.06266,False
same_team,WR2,TE2,high,799,-0.00978,-0.06722,0.04612,-0.00782,-0.05375,0.03687,False
same_team,WR2,DST,all,6068,-0.06268,-0.08506,-0.04085,-0.06068,-0.08235,-0.03955,False
same_team,WR2,DST,low,1944,-0.05926,-0.09754,-0.02239,-0.05373,-0.08848,-0.02030,False
same_team,WR2,DST,mid,1962,-0.08012,-0.12011,-0.04401,-0.07272,-0.10907,-0.03994,False
same_team,WR2,DST,high,2162,-0.04832,-0.08547,-0.01480,-0.04423,-0.07826,-0.01354,False
same_team,WR3,WR4,all,1923,-0.04375,-0.08102,-0.00827,-0.03963,-0.07341,-0.00749,False
same_team,WR3,WR4,low,506,0.04336,-0.03851,0.11603,0.03103,-0.02756,0.08320,True
same_team,WR3,WR4,mid,619,-0.03237,-0.09687,0.03264,-0.02444,-0.07322,0.02464,True
same_team,WR3,WR4,high,798,-0.10445,-0.16038,-0.04748,-0.08356,-0.12855,-0.03795,True
same_team,WR3,TE1,all,4142,0.00975,-0.01645,0.03473,0.00930,-0.01570,0.03313,False
same_team,WR3,TE1,low,1190,-0.00439,-0.05130,0.04413,-0.00376,-0.04391,0.03778,False
same_team,WR3,TE1,mid,1389,0.03698,-0.00844,0.08073,0.03232,-0.00738,0.07059,False
same_team,WR3,TE1,high,1563,-0.00544,-0.04497,0.03123,-0.00482,-0.03987,0.02769,False
same_team,WR3,TE2,all,1463,-0.00031,-0.04223,0.04085,-0.00027,-0.03715,0.03593,False
same_team,WR3,TE2,low,394,-0.06743,-0.15357,0.01736,-0.04465,-0.10205,0.01149,True
same_team,WR3,TE2,mid,469,0.08962,0.01890,0.15633,0.06280,0.01322,0.10985,True
same_team,WR3,TE2,high,600,-0.02620,-0.09337,0.03943,-0.01963,-0.07003,0.02954,True
same_team,WR3,DST,all,4692,-0.07035,-0.09095,-0.04745,-0.06748,-0.08725,-0.04551,False
same_team,WR3,DST,low,1399,-0.08692,-0.13044,-0.04368,-0.07608,-0.11425,-0.03822,False
same_team,WR3,DST,mid,1562,-0.04550,-0.08451,-0.00071,-0.04034,-0.07494,-0.00063,False
same_team,WR3,DST,high,1731,-0.07565,-0.11312,-0.04083,-0.06783,-0.10147,-0.03660,False
same_team,WR4,TE1,all,1693,0.02248,-0.01742,0.06392,0.02010,-0.01558,0.05717,False
same_team,WR4,TE1,low,424,0.06537,-0.01275,0.14831,0.04435,-0.00865,0.10094,False
same_team,WR4,TE1,mid,544,0.06189,-0.00995,0.13967,0.04521,-0.00727,0.10229,False
same_team,WR4,TE1,high,725,-0.02963,-0.09138,0.02852,-0.02320,-0.07164,0.02234,False
same_team,WR4,TE2,all,602,0.02447,-0.03862,0.08847,0.01835,-0.02896,0.06640,False
same_team,WR4,TE2,low,143,-0.01717,-0.14920,0.11870,-0.00707,-0.06182,0.04907,False
same_team,WR4,TE2,mid,177,0.00615,-0.10689,0.12025,0.00286,-0.04988,0.05616,False
same_team,WR4,TE2,high,282,0.05259,-0.03622,0.14939,0.03065,-0.02110,0.08745,False
same_team,WR4,DST,all,1965,-0.02597,-0.06223,0.00898,-0.02357,-0.05649,0.00814,False
same_team,WR4,DST,low,520,-0.04559,-0.11618,0.01489,-0.03289,-0.08395,0.01073,False
same_team,WR4,DST,mid,631,0.01052,-0.05020,0.07634,0.00798,-0.03809,0.05795,False
same_team,WR4,DST,high,814,-0.04302,-0.09808,0.01463,-0.03452,-0.07877,0.01174,False
same_team,TE1,TE2,all,2045,0.00337,-0.03362,0.04182,0.00307,-0.03063,0.03809,False
same_team,TE1,TE2,low,587,0.04081,-0.02898,0.11036,0.03040,-0.02159,0.08236,False
same_team,TE1,TE2,mid,640,-0.02248,-0.08535,0.03865,-0.01711,-0.06502,0.02942,False
same_team,TE1,TE2,high,818,-0.00134,-0.05870,0.05893,-0.00108,-0.04715,0.04734,False
same_team,TE1,DST,all,5521,-0.06885,-0.09244,-0.04594,-0.06645,-0.08923,-0.04433,False
same_team,TE1,DST,low,1733,-0.04683,-0.08779,-0.00475,-0.04198,-0.07873,-0.00425,False
same_team,TE1,DST,mid,1794,-0.07331,-0.11079,-0.03344,-0.06597,-0.09974,-0.03009,False
same_team,TE1,DST,high,1994,-0.08124,-0.11741,-0.04305,-0.07385,-0.10678,-0.03912,False
same_team,TE2,DST,all,2080,-0.03449,-0.07048,0.00362,-0.03146,-0.06431,0.00330,False
same_team,TE2,DST,low,608,-0.08256,-0.15327,-0.01627,-0.06211,-0.11559,-0.01223,False
same_team,TE2,DST,mid,647,-0.02207,-0.08636,0.04646,-0.01684,-0.06596,0.03546,False
same_team,TE2,DST,high,825,-0.01159,-0.06882,0.04732,-0.00932,-0.05539,0.03807,False
opp,QB1,QB1,all,2967,0.20539,0.17494,0.23365,0.19274,0.16409,0.21937,False
opp,QB1,QB1,low,920,0.16982,0.11499,0.22257,0.13985,0.09453,0.18372,False
opp,QB1,QB1,mid,967,0.20680,0.15642,0.25781,0.17205,0.12988,0.21503,False
opp,QB1,QB1,high,1080,0.23338,0.18186,0.28482,0.19788,0.15387,0.24214,False
opp,QB1,RB1,all,6029,0.02710,0.00494,0.04805,0.02623,0.00478,0.04651,False
opp,QB1,RB1,low,1910,0.02452,-0.01461,0.06093,0.02220,-0.01322,0.05516,False
opp,QB1,RB1,mid,1961,0.02566,-0.01109,0.06289,0.02329,-0.01006,0.05708,False
opp,QB1,RB1,high,2158,0.02841,-0.00701,0.06528,0.02600,-0.00642,0.05975,False
opp,QB1,RB2,all,4503,0.01577,-0.00783,0.04084,0.01510,-0.00750,0.03911,False
opp,QB1,RB2,low,1434,-0.00201,-0.04162,0.04020,-0.00177,-0.03652,0.03527,False
opp,QB1,RB2,mid,1448,0.01791,-0.02789,0.06560,0.01573,-0.02450,0.05764,False
opp,QB1,RB2,high,1621,0.02888,-0.01151,0.06914,0.02570,-0.01024,0.06155,False
opp,QB1,RB3,all,1413,-0.01326,-0.05556,0.02874,-0.01161,-0.04867,0.02518,False
opp,QB1,RB3,low,401,-0.03151,-0.11105,0.05048,-0.02097,-0.07408,0.03361,False
opp,QB1,RB3,mid,448,-0.01831,-0.09169,0.05733,-0.01263,-0.06335,0.03957,False
opp,QB1,RB3,high,564,-0.00718,-0.07331,0.05988,-0.00529,-0.05409,0.04417,False
opp,QB1,WR1,all,6084,0.08375,0.06230,0.10587,0.08110,0.06033,0.10253,False
opp,QB1,WR1,low,1929,0.10525,0.06702,0.14097,0.09541,0.06073,0.12786,False
opp,QB1,WR1,mid,1973,0.06660,0.02802,0.10408,0.06047,0.02544,0.09455,False
opp,QB1,WR1,high,2182,0.08095,0.04555,0.11979,0.07417,0.04173,0.10981,False
opp,QB1,WR2,all,5902,0.09010,0.06630,0.11096,0.08716,0.06413,0.10735,False
opp,QB1,WR2,low,1841,0.04137,0.00144,0.07875,0.03732,0.00130,0.07105,False
opp,QB1,WR2,mid,1921,0.11288,0.07335,0.15264,0.10230,0.06644,0.13842,False
opp,QB1,WR2,high,2140,0.10712,0.06856,0.14363,0.09801,0.06270,0.13149,False
opp,QB1,WR3,all,4564,0.07615,0.05145,0.10122,0.07296,0.04929,0.09700,False
opp,QB1,WR3,low,1321,0.03649,-0.01153,0.08410,0.03169,-0.01002,0.07306,False
opp,QB1,WR3,mid,1529,0.06119,0.01717,0.10797,0.05411,0.01518,0.09554,False
opp,QB1,WR3,high,1714,0.11727,0.07483,0.15687,0.10510,0.06702,0.14068,False
opp,QB1,WR4,all,1908,0.01991,-0.01594,0.05938,0.01802,-0.01442,0.05375,False
opp,QB1,WR4,low,489,0.05135,-0.01838,0.12672,0.03640,-0.01302,0.09002,False
opp,QB1,WR4,mid,613,0.02473,-0.03805,0.08892,0.01863,-0.02866,0.06704,False
opp,QB1,WR4,high,806,-0.00075,-0.06094,0.05812,-0.00060,-0.04881,0.04655,False
opp,QB1,TE1,all,5375,0.06037,0.03732,0.08177,0.05821,0.03598,0.07885,False
opp,QB1,TE1,low,1642,0.06722,0.02844,0.10876,0.05993,0.02535,0.09701,False
opp,QB1,TE1,mid,1760,0.03758,-0.00153,0.07843,0.03374,-0.00138,0.07044,False
opp,QB1,TE1,high,1973,0.07395,0.03323,0.10994,0.06716,0.03017,0.09988,False
opp,QB1,TE2,all,2027,0.06939,0.03395,0.10633,0.06317,0.03090,0.09683,False
opp,QB1,TE2,low,584,0.04353,-0.02268,0.10656,0.03239,-0.01687,0.07940,False
opp,QB1,TE2,mid,629,0.12759,0.06843,0.18763,0.09692,0.05189,0.14292,False
opp,QB1,TE2,high,814,0.04044,-0.01937,0.10164,0.03244,-0.01554,0.08163,False
opp,QB1,DST,all,6096,-0.35209,-0.37305,-0.33266,-0.34181,-0.36227,-0.32285,False
opp,QB1,DST,low,1939,-0.32477,-0.35893,-0.29051,-0.29626,-0.32791,-0.26466,False
opp,QB1,DST,mid,1975,-0.37007,-0.40281,-0.33503,-0.33879,-0.36936,-0.30625,False
opp,QB1,DST,high,2182,-0.35642,-0.38896,-0.32215,-0.32876,-0.35928,-0.29676,False
opp,RB1,RB1,all,3061,-0.02008,-0.04854,0.01013,-0.01885,-0.04556,0.00951,False
opp,RB1,RB1,low,990,-0.04697,-0.09628,0.00664,-0.03907,-0.08013,0.00552,False
opp,RB1,RB1,mid,993,-0.04411,-0.09562,0.00835,-0.03670,-0.07962,0.00695,False
opp,RB1,RB1,high,1078,0.02281,-0.02643,0.07247,0.01923,-0.02228,0.06114,False
opp,RB1,RB2,all,4582,-0.04265,-0.06645,-0.01839,-0.04087,-0.06368,-0.01762,False
opp,RB1,RB2,low,1493,-0.02100,-0.06757,0.02176,-0.01851,-0.05959,0.01918,False
opp,RB1,RB2,mid,1471,-0.05033,-0.09139,-0.00848,-0.04431,-0.08048,-0.00747,False
opp,RB1,RB2,high,1618,-0.05699,-0.09579,-0.01583,-0.05072,-0.08529,-0.01409,False
opp,RB1,RB3,all,1437,-0.04500,-0.08928,0.00153,-0.03950,-0.07840,0.00134,False
opp,RB1,RB3,low,422,-0.02750,-0.10781,0.05256,-0.01862,-0.07313,0.03559,False
opp,RB1,RB3,mid,455,-0.11210,-0.19805,-0.03567,-0.07789,-0.13825,-0.02473,False
opp,RB1,RB3,high,560,-0.00429,-0.07490,0.06927,-0.00315,-0.05516,0.05100,False
opp,RB1,WR1,all,6182,0.01679,-0.00507,0.03766,0.01627,-0.00491,0.03648,False
opp,RB1,WR1,low,2003,0.01126,-0.02836,0.04962,0.01023,-0.02579,0.04512,False
opp,RB1,WR1,mid,1999,0.01433,-0.02483,0.05059,0.01303,-0.02257,0.04599,False
opp,RB1,WR1,high,2180,0.02335,-0.01337,0.05715,0.02139,-0.01224,0.05235,False
opp,RB1,WR2,all,6000,0.00343,-0.01892,0.02453,0.00332,-0.01831,0.02374,False
opp,RB1,WR2,low,1913,0.00993,-0.02848,0.04982,0.00899,-0.02579,0.04510,False
opp,RB1,WR2,mid,1948,-0.01405,-0.05211,0.02573,-0.01274,-0.04726,0.02333,False
opp,RB1,WR2,high,2139,0.01335,-0.02196,0.04747,0.01221,-0.02008,0.04341,False
opp,RB1,WR3,all,4644,0.00393,-0.01937,0.02815,0.00377,-0.01857,0.02699,False
opp,RB1,WR3,low,1379,0.01547,-0.02924,0.05792,0.01351,-0.02553,0.05059,False
opp,RB1,WR3,mid,1550,-0.00182,-0.04424,0.04438,-0.00161,-0.03918,0.03930,False
opp,RB1,WR3,high,1715,0.00189,-0.03759,0.04006,0.00169,-0.03366,0.03588,False
opp,RB1,WR4,all,1946,0.00614,-0.03523,0.04094,0.00557,-0.03194,0.03712,False
opp,RB1,WR4,low,509,0.03362,-0.04866,0.10541,0.02410,-0.03489,0.07568,False
opp,RB1,WR4,mid,629,-0.06092,-0.12048,0.00270,-0.04619,-0.09150,0.00205,False
opp,RB1,WR4,high,808,0.04204,-0.01892,0.09910,0.03368,-0.01516,0.07948,False
opp,RB1,TE1,all,5457,0.03039,0.00764,0.05373,0.02932,0.00737,0.05183,False
opp,RB1,TE1,low,1706,0.03304,-0.00780,0.07188,0.02957,-0.00698,0.06435,False
opp,RB1,TE1,mid,1779,0.00661,-0.03057,0.04441,0.00594,-0.02748,0.03992,False
opp,RB1,TE1,high,1972,0.04839,0.00861,0.08718,0.04394,0.00781,0.07918,False
opp,RB1,TE2,all,2062,0.01221,-0.02245,0.04963,0.01113,-0.02046,0.04525,False
opp,RB1,TE2,low,602,0.02821,-0.03368,0.09454,0.02115,-0.02525,0.07097,False
opp,RB1,TE2,mid,646,-0.02649,-0.09078,0.03870,-0.02021,-0.06932,0.02952,False
opp,RB1,TE2,high,814,0.02903,-0.03200,0.09155,0.02329,-0.02567,0.07352,False
opp,RB1,DST,all,6194,-0.24162,-0.26275,-0.22051,-0.23435,-0.25490,-0.21383,False
opp,RB1,DST,low,2013,-0.26327,-0.29751,-0.22844,-0.24042,-0.27200,-0.20840,False
opp,RB1,DST,mid,2001,-0.22087,-0.25322,-0.18689,-0.20135,-0.23105,-0.17024,False
opp,RB1,DST,high,2180,-0.24139,-0.27469,-0.20625,-0.22179,-0.25261,-0.18934,False
opp,RB2,RB2,all,1708,-0.01464,-0.05670,0.02699,-0.01310,-0.05076,0.02415,False
opp,RB2,RB2,low,568,0.00647,-0.06734,0.08047,0.00478,-0.04977,0.05949,False
opp,RB2,RB2,mid,534,0.01287,-0.06772,0.09524,0.00935,-0.04923,0.06928,False
opp,RB2,RB2,high,606,-0.05634,-0.12273,0.00852,-0.04233,-0.09237,0.00640,False
opp,RB2,RB3,all,1055,0.03376,-0.01930,0.08422,0.02837,-0.01622,0.07081,False
opp,RB2,RB3,low,309,0.06662,-0.03599,0.16413,0.04032,-0.02177,0.09983,False
opp,RB2,RB3,mid,325,0.06276,-0.02800,0.15309,0.03875,-0.01727,0.09490,False
opp,RB2,RB3,high,421,-0.01457,-0.09460,0.06734,-0.00985,-0.06409,0.04559,False
opp,RB2,WR1,all,4621,-0.02980,-0.05454,-0.00620,-0.02856,-0.05228,-0.00595,False
opp,RB2,WR1,low,1504,-0.03176,-0.07202,0.00910,-0.02803,-0.06358,0.00803,False
opp,RB2,WR1,mid,1480,-0.04043,-0.08199,0.00606,-0.03562,-0.07225,0.00533,False
opp,RB2,WR1,high,1637,-0.01841,-0.05863,0.02064,-0.01640,-0.05225,0.01839,False
opp,RB2,WR2,all,4482,0.00904,-0.01504,0.03195,0.00865,-0.01440,0.03059,False
opp,RB2,WR2,low,1438,0.02420,-0.01675,0.06565,0.02124,-0.01470,0.05764,False
opp,RB2,WR2,mid,1439,0.00221,-0.04115,0.04524,0.00194,-0.03612,0.03972,False
opp,RB2,WR2,high,1605,0.00210,-0.04144,0.04514,0.00187,-0.03684,0.04014,False
opp,RB2,WR3,all,3487,0.02758,0.00009,0.05620,0.02608,0.00009,0.05316,False
opp,RB2,WR3,low,1036,0.07379,0.02389,0.11912,0.06186,0.02001,0.09994,False
opp,RB2,WR3,mid,1149,-0.00992,-0.05681,0.03747,-0.00844,-0.04838,0.03191,False
opp,RB2,WR3,high,1302,0.02560,-0.01953,0.06953,0.02218,-0.01693,0.06028,False
opp,RB2,WR4,all,1491,-0.00701,-0.04896,0.03732,-0.00618,-0.04317,0.03290,False
opp,RB2,WR4,low,390,0.04496,-0.03811,0.12598,0.02966,-0.02513,0.08331,False
opp,RB2,WR4,mid,477,-0.01651,-0.09050,0.05111,-0.01161,-0.06374,0.03596,False
opp,RB2,WR4,high,624,-0.03235,-0.10344,0.04529,-0.02447,-0.07836,0.03427,False
opp,RB2,TE1,all,4095,-0.00524,-0.03070,0.02275,-0.00500,-0.02927,0.02169,False
opp,RB2,TE1,low,1283,-0.03182,-0.07712,0.01549,-0.02753,-0.06673,0.01339,False
opp,RB2,TE1,mid,1325,0.03112,-0.01568,0.07801,0.02703,-0.01362,0.06779,False
opp,RB2,TE1,high,1487,-0.01647,-0.05942,0.02791,-0.01452,-0.05238,0.02459,False
opp,RB2,TE2,all,1563,0.00817,-0.02989,0.04849,0.00724,-0.02649,0.04299,False
opp,RB2,TE2,low,469,0.02983,-0.04382,0.10660,0.02087,-0.03067,0.07473,False
opp,RB2,TE2,mid,465,0.03051,-0.04214,0.10187,0.02129,-0.02942,0.07122,False
opp,RB2,TE2,high,629,-0.02376,-0.09351,0.04975,-0.01801,-0.07095,0.03772,False
opp,RB2,DST,all,4632,-0.09358,-0.11701,-0.06961,-0.08973,-0.11220,-0.06673,False
opp,RB2,DST,low,1513,-0.07713,-0.11657,-0.03374,-0.06814,-0.10304,-0.02979,False
opp,RB2,DST,mid,1482,-0.11438,-0.15553,-0.07329,-0.10086,-0.13725,-0.06458,False
opp,RB2,DST,high,1637,-0.08975,-0.12893,-0.04752,-0.08001,-0.11500,-0.04234,False
opp,RB3,RB3,all,171,0.04077,-0.07643,0.14662,0.01862,-0.03494,0.06732,False
opp,RB3,RB3,low,50,-0.11091,-0.32381,0.07703,-0.02119,-0.06383,0.01469,False
opp,RB3,RB3,mid,52,0.09028,-0.11746,0.30063,0.01781,-0.02322,0.06097,False
opp,RB3,RB3,high,69,0.11123,-0.09453,0.29337,0.02771,-0.02352,0.07485,False
opp,RB3,WR1,all,1448,-0.01708,-0.06137,0.02938,-0.01500,-0.05392,0.02581,False
opp,RB3,WR1,low,422,-0.04177,-0.12703,0.03727,-0.02828,-0.08624,0.02524,False
opp,RB3,WR1,mid,459,-0.01951,-0.09972,0.06324,-0.01357,-0.06944,0.04399,False
opp,RB3,WR1,high,567,0.00167,-0.06137,0.06731,0.00123,-0.04533,0.04972,False
opp,RB3,WR2,all,1415,-0.01991,-0.06637,0.02567,-0.01744,-0.05815,0.02249,False
opp,RB3,WR2,low,408,0.01022,-0.07619,0.09257,0.00684,-0.05106,0.06207,False
opp,RB3,WR2,mid,448,-0.08842,-0.15993,-0.02215,-0.06108,-0.11084,-0.01528,False
opp,RB3,WR2,high,559,0.00412,-0.07256,0.07864,0.00303,-0.05341,0.05789,False
opp,RB3,WR3,all,1128,-0.04246,-0.08990,0.00433,-0.03605,-0.07639,0.00367,False
opp,RB3,WR3,low,311,-0.02524,-0.11576,0.06535,-0.01531,-0.07038,0.03966,False
opp,RB3,WR3,mid,360,-0.05595,-0.13639,0.01876,-0.03588,-0.08774,0.01202,False
opp,RB3,WR3,high,457,-0.05263,-0.12956,0.02375,-0.03656,-0.09020,0.01649,False
opp,RB3,WR4,all,465,0.11351,0.04672,0.18512,0.07939,0.03262,0.12996,False
opp,RB3,WR4,low,114,0.07492,-0.06217,0.21529,0.02678,-0.02221,0.07790,False
opp,RB3,WR4,mid,149,0.10755,-0.02067,0.23151,0.04552,-0.00872,0.09917,False
opp,RB3,WR4,high,202,0.15153,0.03156,0.26628,0.07601,0.01575,0.13525,False
opp,RB3,TE1,all,1282,-0.05405,-0.09809,-0.00920,-0.04675,-0.08490,-0.00796,False
opp,RB3,TE1,low,363,-0.01750,-0.09821,0.06047,-0.01125,-0.06326,0.03890,False
opp,RB3,TE1,mid,403,-0.09233,-0.17564,-0.01191,-0.06165,-0.11777,-0.00794,False
opp,RB3,TE1,high,516,-0.05587,-0.12213,0.01905,-0.04022,-0.08809,0.01371,False
opp,RB3,TE2,all,491,-0.07580,-0.14816,-0.00564,-0.05382,-0.10548,-0.00400,False
opp,RB3,TE2,low,130,-0.06129,-0.21277,0.12149,-0.02383,-0.08372,0.04738,False
opp,RB3,TE2,mid,140,-0.04098,-0.17921,0.09554,-0.01667,-0.07352,0.03894,False
opp,RB3,TE2,high,221,-0.09917,-0.20202,-0.00069,-0.05184,-0.10642,-0.00036,False
opp,RB3,DST,all,1451,-0.05143,-0.10003,-0.00354,-0.04520,-0.08796,-0.00311,False
opp,RB3,DST,low,425,-0.01727,-0.10485,0.06762,-0.01172,-0.07128,0.04591,False
opp,RB3,DST,mid,459,0.00583,-0.07348,0.08903,0.00405,-0.05113,0.06197,False
opp,RB3,DST,high,567,-0.11772,-0.18659,-0.04345,-0.08708,-0.13848,-0.03209,False
opp,WR1,WR1,all,3121,0.04289,0.01207,0.07246,0.04031,0.01134,0.06811,False
opp,WR1,WR1,low,1013,0.06654,0.01170,0.11833,0.05557,0.00977,0.09891,False
opp,WR1,WR1,mid,1006,0.01464,-0.03416,0.06829,0.01220,-0.02849,0.05697,False
opp,WR1,WR1,high,1102,0.04683,-0.00535,0.09553,0.03963,-0.00453,0.08089,False
opp,WR1,WR2,all,6057,0.04190,0.02121,0.06296,0.04056,0.02053,0.06095,False
opp,WR1,WR2,low,1935,0.07303,0.03627,0.10868,0.06620,0.03287,0.09856,True
opp,WR1,WR2,mid,1960,-0.01024,-0.04485,0.02515,-0.00929,-0.04070,0.02282,True
opp,WR1,WR2,high,2162,0.06202,0.03056,0.09478,0.05677,0.02797,0.08678,True
opp,WR1,WR3,all,4682,0.03985,0.01613,0.06266,0.03822,0.01547,0.06010,False
opp,WR1,WR3,low,1391,0.03359,-0.00957,0.07796,0.02936,-0.00836,0.06818,False
opp,WR1,WR3,mid,1560,0.06090,0.01966,0.10284,0.05398,0.01742,0.09120,False
opp,WR1,WR3,high,1731,0.02696,-0.01320,0.06674,0.02417,-0.01183,0.05983,False
opp,WR1,WR4,all,1962,0.01498,-0.02327,0.05386,0.01359,-0.02111,0.04888,False
opp,WR1,WR4,low,518,0.10897,0.03598,0.18315,0.07864,0.02592,0.13264,True
opp,WR1,WR4,mid,630,0.01758,-0.04785,0.08067,0.01333,-0.03629,0.06122,True
opp,WR1,WR4,high,814,-0.04275,-0.09755,0.01507,-0.03430,-0.07834,0.01209,True
opp,WR1,TE1,all,5512,0.01041,-0.01182,0.03038,0.01005,-0.01141,0.02932,False
opp,WR1,TE1,low,1726,0.02899,-0.00843,0.06716,0.02598,-0.00755,0.06019,False
opp,WR1,TE1,mid,1792,0.00504,-0.03338,0.04044,0.00453,-0.03003,0.03638,False
opp,WR1,TE1,high,1994,-0.00080,-0.04063,0.03600,-0.00072,-0.03692,0.03272,False
opp,WR1,TE2,all,2078,0.04201,0.00738,0.07763,0.03832,0.00673,0.07083,False
opp,WR1,TE2,low,607,0.01099,-0.05841,0.08457,0.00826,-0.04390,0.06360,False
opp,WR1,TE2,mid,647,0.09321,0.02944,0.15633,0.07121,0.02247,0.11969,False
opp,WR1,TE2,high,824,0.02501,-0.03003,0.07945,0.02011,-0.02415,0.06394,False
opp,WR1,DST,all,6254,-0.12551,-0.14594,-0.10405,-0.12166,-0.14147,-0.10085,False
opp,WR1,DST,low,2036,-0.13645,-0.17066,-0.09789,-0.12436,-0.15564,-0.08917,False
opp,WR1,DST,mid,2014,-0.10511,-0.14094,-0.06621,-0.09567,-0.12834,-0.06024,False
opp,WR1,DST,high,2204,-0.13419,-0.16777,-0.09895,-0.12313,-0.15402,-0.09076,False
opp,WR2,WR2,all,2939,0.04354,0.01223,0.07230,0.04077,0.01145,0.06770,False
opp,WR2,WR2,low,924,0.00632,-0.04974,0.06008,0.00519,-0.04087,0.04938,False
opp,WR2,WR2,mid,954,0.03727,-0.01862,0.09115,0.03079,-0.01539,0.07537,False
opp,WR2,WR2,high,1061,0.07810,0.03021,0.12646,0.06572,0.02541,0.10652,False
opp,WR2,WR3,all,4541,0.05820,0.03278,0.08184,0.05575,0.03139,0.07840,False
opp,WR2,WR3,low,1329,0.06907,0.02101,0.11359,0.06004,0.01825,0.09881,False
opp,WR2,WR3,mid,1515,0.08959,0.04781,0.13051,0.07917,0.04223,0.11541,False
opp,WR2,WR3,high,1697,0.02121,-0.01851,0.06195,0.01897,-0.01655,0.05542,False
opp,WR2,WR4,all,1903,0.04484,0.00818,0.08231,0.04058,0.00740,0.07450,False
opp,WR2,WR4,low,493,0.04124,-0.02433,0.10976,0.02929,-0.01728,0.07810,False
opp,WR2,WR4,mid,613,0.05931,-0.00501,0.12293,0.04469,-0.00378,0.09278,False
opp,WR2,WR4,high,797,0.03609,-0.02471,0.09570,0.02884,-0.01974,0.07653,False
opp,WR2,TE1,all,5348,0.01357,-0.00742,0.03395,0.01308,-0.00715,0.03273,False
opp,WR2,TE1,low,1644,0.00491,-0.03746,0.04534,0.00438,-0.03339,0.04042,False
opp,WR2,TE1,mid,1749,0.04176,0.00340,0.08294,0.03747,0.00305,0.07445,False
opp,WR2,TE1,high,1955,-0.00553,-0.04317,0.02810,-0.00502,-0.03916,0.02549,False
opp,WR2,TE2,all,2018,0.06693,0.02759,0.10388,0.06090,0.02510,0.09455,False
opp,WR2,TE2,low,581,0.07260,-0.00120,0.14427,0.05398,-0.00089,0.10752,False
opp,WR2,TE2,mid,632,0.09358,0.01631,0.16143,0.07109,0.01238,0.12294,False
opp,WR2,TE2,high,805,0.04162,-0.01629,0.09956,0.03332,-0.01304,0.07979,False
opp,WR2,DST,all,6068,-0.10541,-0.12585,-0.08323,-0.10207,-0.12187,-0.08059,False
opp,WR2,DST,low,1944,-0.09508,-0.13461,-0.05911,-0.08624,-0.12217,-0.05360,False
opp,WR2,DST,mid,1962,-0.13353,-0.16736,-0.09517,-0.12129,-0.15211,-0.08640,False
opp,WR2,DST,high,2162,-0.08773,-0.12076,-0.05467,-0.08033,-0.11061,-0.05004,False
opp,WR3,WR3,all,1755,0.03831,0.00179,0.07588,0.03438,0.00160,0.06813,False
opp,WR3,WR3,low,477,-0.00579,-0.07211,0.06645,-0.00407,-0.05075,0.04677,False
opp,WR3,WR3,mid,601,0.05670,-0.00689,0.12064,0.04251,-0.00517,0.09060,False
opp,WR3,WR3,high,677,0.04846,-0.01396,0.10682,0.03739,-0.01077,0.08250,False
opp,WR3,WR4,all,1476,0.01881,-0.02388,0.06265,0.01656,-0.02103,0.05517,False
opp,WR3,WR4,low,361,0.04045,-0.03431,0.11762,0.02596,-0.02202,0.07567,False
opp,WR3,WR4,mid,488,-0.00313,-0.07635,0.07492,-0.00222,-0.05411,0.05309,False
opp,WR3,WR4,high,627,0.02654,-0.03889,0.09364,0.02010,-0.02946,0.07100,False
opp,WR3,TE1,all,4132,0.01240,-0.01532,0.03925,0.01183,-0.01461,0.03744,False
opp,WR3,TE1,low,1184,-0.00005,-0.05187,0.04927,-0.00004,-0.04437,0.04214,False
opp,WR3,TE1,mid,1389,-0.01574,-0.05762,0.02788,-0.01376,-0.05037,0.02436,False
opp,WR3,TE1,high,1559,0.04756,0.00559,0.08824,0.04215,0.00495,0.07824,False
opp,WR3,TE2,all,1607,-0.01838,-0.05828,0.02334,-0.01634,-0.05183,0.02076,False
opp,WR3,TE2,low,424,-0.12686,-0.20404,-0.05158,-0.08625,-0.13938,-0.03499,True
opp,WR3,TE2,mid,519,0.00435,-0.06674,0.07629,0.00314,-0.04813,0.05503,True
opp,WR3,TE2,high,664,0.03766,-0.03005,0.10347,0.02892,-0.02308,0.07955,True
opp,WR3,DST,all,4693,-0.06815,-0.09253,-0.04530,-0.06537,-0.08877,-0.04345,False
opp,WR3,DST,low,1399,-0.07007,-0.11308,-0.03095,-0.06131,-0.09901,-0.02707,False
opp,WR3,DST,mid,1562,-0.09434,-0.13298,-0.05504,-0.08367,-0.11801,-0.04880,False
opp,WR3,DST,high,1732,-0.04331,-0.08175,-0.00329,-0.03883,-0.07331,-0.00295,False
opp,WR4,WR4,all,312,-0.02808,-0.11208,0.06145,-0.01705,-0.06822,0.03734,False
opp,WR4,WR4,low,61,-0.03319,-0.23601,0.21598,-0.00746,-0.05402,0.04929,False
opp,WR4,WR4,mid,107,0.00974,-0.14520,0.16465,0.00333,-0.04999,0.05679,False
opp,WR4,WR4,high,144,-0.06110,-0.18351,0.06587,-0.02529,-0.07660,0.02727,False
opp,WR4,TE1,all,1724,-0.02872,-0.06771,0.00983,-0.02573,-0.06068,0.00881,False
opp,WR4,TE1,low,432,-0.01781,-0.09612,0.06193,-0.01215,-0.06566,0.04227,False
opp,WR4,TE1,mid,556,-0.00560,-0.07669,0.05945,-0.00411,-0.05638,0.04369,False
opp,WR4,TE1,high,736,-0.05245,-0.11681,0.00847,-0.04122,-0.09193,0.00665,False
opp,WR4,TE2,all,661,0.02657,-0.03705,0.09034,0.02038,-0.02842,0.06936,False
opp,WR4,TE2,low,150,-0.03646,-0.16080,0.08807,-0.01545,-0.06861,0.03739,False
opp,WR4,TE2,mid,205,0.08328,-0.03881,0.20272,0.04192,-0.01951,0.10293,False
opp,WR4,TE2,high,306,0.01834,-0.06997,0.10000,0.01105,-0.04219,0.06037,False
opp,WR4,DST,all,1964,-0.03959,-0.07361,0.00135,-0.03593,-0.06681,0.00123,False
opp,WR4,DST,low,520,-0.07453,-0.14634,0.00091,-0.05379,-0.10589,0.00065,False
opp,WR4,DST,mid,630,-0.06274,-0.12892,0.00356,-0.04759,-0.09797,0.00270,False
opp,WR4,DST,high,814,-0.00434,-0.06157,0.05411,-0.00348,-0.04941,0.04342,False
opp,TE1,TE1,all,2441,0.00205,-0.03207,0.03434,0.00190,-0.02964,0.03174,False
opp,TE1,TE1,low,744,0.00329,-0.05780,0.06324,0.00259,-0.04554,0.04982,False
opp,TE1,TE1,mid,798,-0.04420,-0.10216,0.01275,-0.03533,-0.08173,0.01019,False
opp,TE1,TE1,high,899,0.04293,-0.01495,0.09647,0.03510,-0.01222,0.07895,False
opp,TE1,TE2,all,1863,0.01922,-0.02117,0.06140,0.01735,-0.01912,0.05545,False
opp,TE1,TE2,low,534,-0.04235,-0.11834,0.03869,-0.03077,-0.08615,0.02811,False
opp,TE1,TE2,mid,575,0.03923,-0.03708,0.11291,0.02907,-0.02748,0.08382,False
opp,TE1,TE2,high,754,0.04506,-0.01621,0.10890,0.03559,-0.01280,0.08613,False
opp,TE1,DST,all,5521,-0.07392,-0.09606,-0.05003,-0.07134,-0.09272,-0.04829,False
opp,TE1,DST,low,1733,-0.08840,-0.12759,-0.04956,-0.07928,-0.11449,-0.04443,False
opp,TE1,DST,mid,1794,-0.08895,-0.12766,-0.05035,-0.08005,-0.11496,-0.04530,False
opp,TE1,DST,high,1994,-0.04795,-0.08369,-0.01057,-0.04358,-0.07609,-0.00961,False
opp,TE2,TE2,all,367,-0.03693,-0.12281,0.05315,-0.02384,-0.07950,0.03432,False
opp,TE2,TE2,low,99,0.12185,-0.03791,0.27858,0.03970,-0.01230,0.09254,False
opp,TE2,TE2,mid,104,-0.09039,-0.26412,0.07252,-0.03040,-0.09053,0.02437,False
opp,TE2,TE2,high,164,-0.07350,-0.21447,0.06418,-0.03283,-0.09685,0.02866,False
opp,TE2,DST,all,2081,-0.07380,-0.10776,-0.03713,-0.06734,-0.09836,-0.03387,False
opp,TE2,DST,low,608,-0.07119,-0.13005,-0.00497,-0.05354,-0.09798,-0.00374,False
opp,TE2,DST,mid,648,-0.13800,-0.20411,-0.07351,-0.10562,-0.15672,-0.05615,False
opp,TE2,DST,high,825,-0.02614,-0.08291,0.03166,-0.02102,-0.06674,0.02546,False
opp,DST,DST,all,3149,-0.20127,-0.22810,-0.17280,-0.18954,-0.21490,-0.16266,False
opp,DST,DST,low,1026,-0.23145,-0.27747,-0.18023,-0.19466,-0.23393,-0.15125,False
opp,DST,DST,mid,1015,-0.23110,-0.27260,-0.18475,-0.19403,-0.22937,-0.15480,False
opp,DST,DST,high,1108,-0.15617,-0.20476,-0.10689,-0.13255,-0.17407,-0.09060,False
